Name,Tile_no,Treatment,Tile_arrangement,Cage treatment,Bommie_treat,Bommie_no,Block,Time_point,Date,Day,BARE,Off,AMPH,BEM,BTA,CCA,CHAET,Cldph,DICO,ECTO,GEM,GLPS,LOBO,Padina,POLY,RHIZO,RSVG,SYM,TURB,Turf
Initial_1_cropped.jpg,1,Simple,Simple,Open,Clean,50,4,1,6/10/21,0,100,0,0,0,0,0,0,0,0,0,0,0,0,0,0,0,0,0,0,0
Initial_10_cropped.jpg,10,Simple,Simple,Cage,Turbinaria,43,3,1,6/10/21,0,100,0,0,0,0,0,0,0,0,0,0,0,0,0,0,0,0,0,0,0
Initial_100_cropped.jpeg,100,Complex,Complex,Cage,Clean,35,2,1,6/10/21,0,100,0,0,0,0,0,0,0,0,0,0,0,0,0,0,0,0,0,0,0
Initial_101_cropped.jpeg,101,Complex,Mix,Open,Turbinaria,30,1,1,6/10/21,0,100,0,0,0,0,0,0,0,0,0,0,0,0,0,0,0,0,0,0,0
Initial_102_cropped.jpg,102,Complex,Mix,Open,Turbinaria,80,3,1,6/10/21,0,100,0,0,0,0,0,0,0,0,0,0,0,0,0,0,0,0,0,0,0
Initial_103_cropped.jpeg,103,Complex,Complex,Cage,Turbinaria,42,5,1,6/10/21,0,100,0,0,0,0,0,0,0,0,0,0,0,0,0,0,0,0,0,0,0
Initial_104_cropped.jpeg,104,Complex,Complex,Cage,Clean,32,5,1,6/10/21,0,100,0,0,0,0,0,0,0,0,0,0,0,0,0,0,0,0,0,0,0
Initial_105_cropped.jpeg,105,Complex,Complex,Cage,Clean,79,1,1,6/10/21,0,100,0,0,0,0,0,0,0,0,0,0,0,0,0,0,0,0,0,0,0
Initial_106_cropped.jpg,106,Complex,Complex,Cage,Turbinaria,39,4,1,6/10/21,0,100,0,0,0,0,0,0,0,0,0,0,0,0,0,0,0,0,0,0,0
Initial_107_cropped.jpg,107,Complex,Complex,Open,Clean,33,3,1,6/10/21,0,100,0,0,0,0,0,0,0,0,0,0,0,0,0,0,0,0,0,0,0
Initial_108_cropped.jpeg,108,Complex,Mix,Cage,Clean,28,1,1,6/10/21,0,100,0,0,0,0,0,0,0,0,0,0,0,0,0,0,0,0,0,0,0
Initial_109_cropped.jpeg,109,Complex,Mix,Cage,Turbinaria,38,4,1,6/10/21,0,100,0,0,0,0,0,0,0,0,0,0,0,0,0,0,0,0,0,0,0
Initial_11_cropped.jpg,11,Simple,Simple,Open,Turbinaria,36,5,1,6/10/21,0,100,0,0,0,0,0,0,0,0,0,0,0,0,0,0,0,0,0,0,0
Initial_110_cropped.jpeg,110,Complex,Mix,Open,Turbinaria,41,5,1,6/10/21,0,100,0,0,0,0,0,0,0,0,0,0,0,0,0,0,0,0,0,0,0
Initial_111_cropped.jpeg,111,Complex,Complex,Open,Clean,35,2,1,6/10/21,0,100,0,0,0,0,0,0,0,0,0,0,0,0,0,0,0,0,0,0,0
Initial_112_cropped.jpg,112,Complex,Complex,Open,Clean,79,1,1,6/10/21,0,100,0,0,0,0,0,0,0,0,0,0,0,0,0,0,0,0,0,0,0
Initial_113_cropped.jpg,113,Complex,Complex,Cage,Clean,33,3,1,6/10/21,0,100,0,0,0,0,0,0,0,0,0,0,0,0,0,0,0,0,0,0,0
Initial_114_cropped.jpg,114,Complex,Mix,Cage,Turbinaria,30,1,1,6/10/21,0,100,0,0,0,0,0,0,0,0,0,0,0,0,0,0,0,0,0,0,0
Initial_115_cropped.jpg,115,Complex,Complex,Open,Clean,33,3,1,6/10/21,0,100,0,0,0,0,0,0,0,0,0,0,0,0,0,0,0,0,0,0,0
Initial_116_cropped.jpg,116,Complex,Mix,Cage,Turbinaria,80,3,1,6/10/21,0,100,0,0,0,0,0,0,0,0,0,0,0,0,0,0,0,0,0,0,0
Initial_117_cropped.jpg,117,Complex,Complex,Cage,Turbinaria,26,2,1,6/10/21,0,100,0,0,0,0,0,0,0,0,0,0,0,0,0,0,0,0,0,0,0
Initial_119_cropped.jpg,119,Complex,Complex,Open,Turbinaria,26,2,1,6/10/21,0,100,0,0,0,0,0,0,0,0,0,0,0,0,0,0,0,0,0,0,0
Initial_12_cropped.jpg,12,Simple,Mix,Cage,Turbinaria,41,5,1,6/10/21,0,100,0,0,0,0,0,0,0,0,0,0,0,0,0,0,0,0,0,0,0
Initial_120_cropped.jpeg,120,Complex,Mix,Open,Clean,28,1,1,6/10/21,0,100,0,0,0,0,0,0,0,0,0,0,0,0,0,0,0,0,0,0,0
Initial_121_cropped.jpeg,121,Complex,Complex,Cage,Turbinaria,26,2,1,6/10/21,0,100,0,0,0,0,0,0,0,0,0,0,0,0,0,0,0,0,0,0,0
Initial_122_cropped.jpg,122,Complex,Complex,Cage,Turbinaria,84,1,1,6/10/21,0,100,0,0,0,0,0,0,0,0,0,0,0,0,0,0,0,0,0,0,0
Initial_123_cropped.jpg,123,Complex,Mix,Open,Clean,46,3,1,6/10/21,0,100,0,0,0,0,0,0,0,0,0,0,0,0,0,0,0,0,0,0,0
Initial_124_cropped.jpeg,124,Complex,Complex,Open,Turbinaria,39,4,1,6/10/21,0,100,0,0,0,0,0,0,0,0,0,0,0,0,0,0,0,0,0,0,0
Initial_125_cropped.jpg,125,Complex,Mix,Open,Clean,49,4,1,6/10/21,0,100,0,0,0,0,0,0,0,0,0,0,0,0,0,0,0,0,0,0,0
Initial_126_cropped.jpeg,126,Complex,Mix,Open,Clean,45,2,1,6/10/21,0,100,0,0,0,0,0,0,0,0,0,0,0,0,0,0,0,0,0,0,0
Initial_128_cropped.jpeg,128,Complex,Complex,Cage,Turbinaria,42,5,1,6/10/21,0,100,0,0,0,0,0,0,0,0,0,0,0,0,0,0,0,0,0,0,0
Initial_129_cropped.jpeg,129,Simple,Control,Control,Control,,5,1,6/10/21,0,100,0,0,0,0,0,0,0,0,0,0,0,0,0,0,0,0,0,0,0
Initial_13_cropped.jpg,13,Simple,Simple,Cage,Turbinaria,29,1,1,6/10/21,0,100,0,0,0,0,0,0,0,0,0,0,0,0,0,0,0,0,0,0,0
P6270440_cropped.jpg,129,Simple,Control,Control,Control,,5,2,6/28/21,18,21,18,7,0,1,0,0,0,0,0,11,0,0,0,14,27,1,0,0,0
P7130567_cropped.jpg,129,Simple,Control,Control,Control,,5,3,7/13/21,33,21,19,5,12,13,14,0,0,0,0,5,0,0,0,11,0,0,0,0,0
P8160835_cropped.jpg,129,Simple,Control,Control,Control,,5,4,8/16/21,67,12,19,0,20,2,31,0,0,0,0,9,0,0,0,7,0,0,0,0,0
P9101276_cropped.jpg,129,Simple,Control,Control,Control,,5,5,9/10/21,92,24,23,0,12,0,28,0,0,0,0,11,0,1,0,1,0,0,0,0,0
Initial_130_cropped.jpg,130,Simple,Control,Control,Control,,2,1,6/10/21,0,100,0,0,0,0,0,0,0,0,0,0,0,0,0,0,0,0,0,0,0
P6250299_cropped.jpg,130,Simple,Control,Control,Control,,2,2,6/28/21,18,43,11,7,0,24,3,0,0,0,0,0,0,0,0,9,3,0,0,0,0
P7130655_cropped.jpg,130,Simple,Control,Control,Control,,2,3,7/13/21,33,33,14,0,4,11,12,0,0,0,0,0,0,0,0,26,0,0,0,0,0
P8160891_cropped.jpg,130,Simple,Control,Control,Control,,2,4,8/16/21,67,40,12,3,17,1,1,0,0,0,0,11,0,0,0,15,0,0,0,0,0
P9101161_cropped.jpeg,130,Simple,Control,Control,Control,,2,5,9/10/21,92,35,14,2,12,9,4,0,0,0,0,6,0,0,0,15,0,0,3,0,0
Initial_131_cropped.jpeg,131,Simple,Control,Control,Control,,4,1,6/10/21,0,100,0,0,0,0,0,0,0,0,0,0,0,0,0,0,0,0,0,0,0
Initial_14_cropped.jpg,14,Simple,Simple,Cage,Clean,40,2,1,6/10/21,0,100,0,0,0,0,0,0,0,0,0,0,0,0,0,0,0,0,0,0,0
P6250351_cropped.jpg,131,Simple,Control,Control,Control,,4,2,6/28/21,18,34,17,0,6,3,14,0,0,0,0,8,0,0,0,2,16,0,0,0,0
P7130604_cropped.jpg,131,Simple,Control,Control,Control,,4,3,7/13/21,33,17,18,0,21,7,7,0,0,0,0,6,0,0,0,24,0,0,0,0,0
P8160859_cropped.jpg,131,Simple,Control,Control,Control,,4,4,8/16/21,67,21,10,0,18,8,22,0,0,0,0,3,0,0,0,18,0,0,0,0,0
P9101200_cropped.jpg,131,Simple,Control,Control,Control,,4,5,9/10/21,92,0,0,33,0,19,0,0,2,0,0,0,0,0,0,0,37,5,4,0,0
Initial_132_cropped.jpeg,132,Simple,Control,Control,Control,,3,1,6/10/21,0,100,0,0,0,0,0,0,0,0,0,0,0,0,0,0,0,0,0,0,0
Initial_15_cropped.jpg,15,Simple,Simple,Cage,Turbinaria,44,4,1,6/10/21,0,100,0,0,0,0,0,0,0,0,0,0,0,0,0,0,0,0,0,0,0
Initial_16_cropped.jpg,16,Simple,Simple,Cage,Clean,31,5,1,6/10/21,0,100,0,0,0,0,0,0,0,0,0,0,0,0,0,0,0,0,0,0,0
Initial_17_cropped.jpg,17,Simple,Simple,Open,Turbinaria,44,4,1,6/10/21,0,100,0,0,0,0,0,0,0,0,0,0,0,0,0,0,0,0,0,0,0
Initial_18_cropped.jpg,18,Simple,Mix,Cage,Clean,46,3,1,6/10/21,0,100,0,0,0,0,0,0,0,0,0,0,0,0,0,0,0,0,0,0,0
Initial_19_cropped.jpg,19,Simple,Mix,Cage,Turbinaria,27,2,1,6/10/21,0,100,0,0,0,0,0,0,0,0,0,0,0,0,0,0,0,0,0,0,0
Initial_2_cropped.jpg,2,Simple,Simple,Cage,Turbinaria,83,2,1,6/10/21,0,100,0,0,0,0,0,0,0,0,0,0,0,0,0,0,0,0,0,0,0
Initial_20_cropped.jpeg,20,Simple,Simple,Cage,Clean,85,1,1,6/10/21,0,100,0,0,0,0,0,0,0,0,0,0,0,0,0,0,0,0,0,0,0
Initial_22_cropped.jpg,22,Simple,Simple,Cage,Turbinaria,83,2,1,6/10/21,0,100,0,0,0,0,0,0,0,0,0,0,0,0,0,0,0,0,0,0,0
Initial_24_cropped.jpg,24,Simple,Mix,Open,Turbinaria,80,3,1,6/10/21,0,100,0,0,0,0,0,0,0,0,0,0,0,0,0,0,0,0,0,0,0
Initial_25_cropped.jpeg,25,Simple,Mix,Cage,Turbinaria,30,1,1,6/10/21,0,100,0,0,0,0,0,0,0,0,0,0,0,0,0,0,0,0,0,0,0
Initial_27_cropped.jpg,27,Simple,Simple,Open,Clean,85,1,1,6/10/21,0,100,0,0,0,0,0,0,0,0,0,0,0,0,0,0,0,0,0,0,0
Initial_29_cropped.jpeg,29,Simple,Simple,Open,Turbinaria,36,5,1,6/10/21,0,100,0,0,0,0,0,0,0,0,0,0,0,0,0,0,0,0,0,0,0
Initial_3_cropped.jpeg,3,Simple,Simple,Cage,Turbinaria,29,1,1,6/10/21,0,100,0,0,0,0,0,0,0,0,0,0,0,0,0,0,0,0,0,0,0
Initial_30_cropped.jpeg,30,Simple,Simple,Cage,Clean,85,1,1,6/10/21,0,100,0,0,0,0,0,0,0,0,0,0,0,0,0,0,0,0,0,0,0
Initial_31_cropped.jpg,31,Simple,Simple,Open,Clean,31,5,1,6/10/21,0,100,0,0,0,0,0,0,0,0,0,0,0,0,0,0,0,0,0,0,0
Initial_32_cropped.jpg,32,Simple,Simple,Cage,Clean,40,2,1,6/10/21,0,100,0,0,0,0,0,0,0,0,0,0,0,0,0,0,0,0,0,0,0
Initial_33_cropped.jpg,33,Simple,Simple,Open,Turbinaria,83,2,1,6/10/21,0,100,0,0,0,0,0,0,0,0,0,0,0,0,0,0,0,0,0,0,0
Initial_34_cropped.jpg,34,Simple,Simple,Open,Turbinaria,29,1,1,6/10/21,0,100,0,0,0,0,0,0,0,0,0,0,0,0,0,0,0,0,0,0,0
Initial_35_cropped.jpg,35,Simple,Simple,Open,Clean,48,3,1,6/10/21,0,100,0,0,0,0,0,0,0,0,0,0,0,0,0,0,0,0,0,0,0
Initial_36_cropped.jpg,36,Simple,Simple,Open,Clean,40,2,1,6/10/21,0,100,0,0,0,0,0,0,0,0,0,0,0,0,0,0,0,0,0,0,0
Initial_37_cropped.jpg,37,Simple,Mix,Open,Clean,37,5,1,6/10/21,0,100,0,0,0,0,0,0,0,0,0,0,0,0,0,0,0,0,0,0,0
Initial_38_cropped.jpeg,38,Simple,Mix,Open,Clean,46,3,1,6/10/21,0,100,0,0,0,0,0,0,0,0,0,0,0,0,0,0,0,0,0,0,0
Initial_39_cropped.jpg,39,Simple,Simple,Open,Clean,31,5,1,6/10/21,0,100,0,0,0,0,0,0,0,0,0,0,0,0,0,0,0,0,0,0,0
Initial_4_cropped.jpg,4,Simple,Simple,Cage,Clean,31,5,1,6/10/21,0,100,0,0,0,0,0,0,0,0,0,0,0,0,0,0,0,0,0,0,0
Initial_40_cropped.jpg,40,Simple,Simple,Cage,Clean,48,3,1,6/10/21,0,100,0,0,0,0,0,0,0,0,0,0,0,0,0,0,0,0,0,0,0
Initial_41_cropped.jpg,41,Simple,Simple,Cage,Clean,48,3,1,6/10/21,0,100,0,0,0,0,0,0,0,0,0,0,0,0,0,0,0,0,0,0,0
Initial_42_cropped.jpg,42,Simple,Simple,Cage,Clean,50,4,1,6/10/21,0,100,0,0,0,0,0,0,0,0,0,0,0,0,0,0,0,0,0,0,0
Initial_43_cropped.jpeg,43,Simple,Simple,Cage,Turbinaria,36,5,1,6/10/21,0,100,0,0,0,0,0,0,0,0,0,0,0,0,0,0,0,0,0,0,0
Initial_44_cropped.jpg,44,Simple,Mix,Cage,Turbinaria,38,4,1,6/10/21,0,100,0,0,0,0,0,0,0,0,0,0,0,0,0,0,0,0,0,0,0
Initial_45_cropped.jpeg,45,Simple,Simple,Cage,Turbinaria,44,4,1,6/10/21,0,100,0,0,0,0,0,0,0,0,0,0,0,0,0,0,0,0,0,0,0
Initial_46_cropped.jpeg,46,Simple,Simple,Open,Turbinaria,29,1,1,6/10/21,0,100,0,0,0,0,0,0,0,0,0,0,0,0,0,0,0,0,0,0,0
Initial_47_cropped.jpeg,47,Simple,Simple,Cage,Turbinaria,36,5,1,6/10/21,0,100,0,0,0,0,0,0,0,0,0,0,0,0,0,0,0,0,0,0,0
Initial_48_cropped.jpg,48,Simple,Simple,Open,Turbinaria,83,2,1,6/10/21,0,100,0,0,0,0,0,0,0,0,0,0,0,0,0,0,0,0,0,0,0
Initial_49_cropped.jpeg,49,Simple,Mix,Open,Clean,49,4,1,6/10/21,0,100,0,0,0,0,0,0,0,0,0,0,0,0,0,0,0,0,0,0,0
Initial_5_cropped.jpg,5,Simple,Mix,Open,Turbinaria,27,2,1,6/10/21,0,100,0,0,0,0,0,0,0,0,0,0,0,0,0,0,0,0,0,0,0
Initial_50_cropped.jpg,50,Simple,Mix,Open,Clean,45,2,1,6/10/21,0,100,0,0,0,0,0,0,0,0,0,0,0,0,0,0,0,0,0,0,0
Initial_51_cropped.jpeg,51,Simple,Simple,Open,Turbinaria,43,3,1,6/10/21,0,100,0,0,0,0,0,0,0,0,0,0,0,0,0,0,0,0,0,0,0
Initial_52_cropped.jpg,52,Simple,Simple,Open,Turbinaria,43,3,1,6/10/21,0,100,0,0,0,0,0,0,0,0,0,0,0,0,0,0,0,0,0,0,0
Initial_53_cropped.jpg,53,Simple,Mix,Cage,Turbinaria,80,3,1,6/10/21,0,100,0,0,0,0,0,0,0,0,0,0,0,0,0,0,0,0,0,0,0
Initial_54_cropped.jpg,54,Simple,Simple,Open,Clean,85,1,1,6/10/21,0,100,0,0,0,0,0,0,0,0,0,0,0,0,0,0,0,0,0,0,0
Initial_55_cropped.jpg,55,Simple,Simple,Open,Clean,40,2,1,6/10/21,0,100,0,0,0,0,0,0,0,0,0,0,0,0,0,0,0,0,0,0,0
Initial_56_cropped.jpg,56,Simple,Mix,Cage,Clean,37,5,1,6/10/21,0,100,0,0,0,0,0,0,0,0,0,0,0,0,0,0,0,0,0,0,0
Initial_57_cropped.jpeg,57,Simple,Mix,Open,Turbinaria,30,1,1,6/10/21,0,100,0,0,0,0,0,0,0,0,0,0,0,0,0,0,0,0,0,0,0
Initial_58_cropped.jpeg,58,Simple,Simple,Cage,Turbinaria,43,3,1,6/10/21,0,100,0,0,0,0,0,0,0,0,0,0,0,0,0,0,0,0,0,0,0
Initial_59_cropped.jpg,59,Simple,Mix,Cage,Clean,49,4,1,6/10/21,0,100,0,0,0,0,0,0,0,0,0,0,0,0,0,0,0,0,0,0,0
Initial_6_cropped.jpg,6,Simple,Mix,Cage,Clean,45,2,1,6/10/21,0,100,0,0,0,0,0,0,0,0,0,0,0,0,0,0,0,0,0,0,0
Initial_60_cropped.jpeg,60,Simple,Mix,Open,Clean,28,1,1,6/10/21,0,100,0,0,0,0,0,0,0,0,0,0,0,0,0,0,0,0,0,0,0
Initial_61_cropped.jpeg,61,Simple,Simple,Open,Clean,48,3,1,6/10/21,0,100,0,0,0,0,0,0,0,0,0,0,0,0,0,0,0,0,0,0,0
Initial_62_cropped.jpeg,62,Simple,Mix,Open,Turbinaria,38,4,1,6/10/21,0,100,0,0,0,0,0,0,0,0,0,0,0,0,0,0,0,0,0,0,0
Initial_63_cropped.jpeg,63,Simple,Mix,Cage,Clean,28,1,1,6/10/21,0,100,0,0,0,0,0,0,0,0,0,0,0,0,0,0,0,0,0,0,0
Initial_64_cropped.jpg,64,Simple,Mix,Open,Turbinaria,41,5,1,6/10/21,0,100,0,0,0,0,0,0,0,0,0,0,0,0,0,0,0,0,0,0,0
Initial_65_cropped.jpeg,65,Complex,Complex,Open,Turbinaria,26,2,1,6/10/21,0,100,0,0,0,0,0,0,0,0,0,0,0,0,0,0,0,0,0,0,0
Initial_66_cropped.jpg,66,Complex,Mix,Open,Clean,37,5,1,6/10/21,0,100,0,0,0,0,0,0,0,0,0,0,0,0,0,0,0,0,0,0,0
Initial_67_cropped.jpeg,67,Complex,Complex,Cage,Turbinaria,84,1,1,6/10/21,0,100,0,0,0,0,0,0,0,0,0,0,0,0,0,0,0,0,0,0,0
Initial_68_cropped.jpg,68,Complex,Complex,Open,Clean,79,1,1,6/10/21,0,100,0,0,0,0,0,0,0,0,0,0,0,0,0,0,0,0,0,0,0
Initial_69_cropped.jpeg,69,Complex,Mix,Cage,Clean,37,5,1,6/10/21,0,100,0,0,0,0,0,0,0,0,0,0,0,0,0,0,0,0,0,0,0
Initial_7_cropped.jpg,7,Simple,Simple,Cage,Clean,50,4,1,6/10/21,0,100,0,0,0,0,0,0,0,0,0,0,0,0,0,0,0,0,0,0,0
Initial_70_cropped.jpeg,70,Complex,Mix,Cage,Turbinaria,27,2,1,6/10/21,0,100,0,0,0,0,0,0,0,0,0,0,0,0,0,0,0,0,0,0,0
Initial_71_cropped.jpg,71,Complex,Complex,Cage,Turbinaria,39,4,1,6/10/21,0,100,0,0,0,0,0,0,0,0,0,0,0,0,0,0,0,0,0,0,0
Initial_72_cropped.jpg,72,Complex,Complex,Cage,Clean,34,4,1,6/10/21,0,100,0,0,0,0,0,0,0,0,0,0,0,0,0,0,0,0,0,0,0
Initial_74_cropped.jpeg,74,Complex,Complex,Open,Turbinaria,78,3,1,6/10/21,0,100,0,0,0,0,0,0,0,0,0,0,0,0,0,0,0,0,0,0,0
Initial_75_cropped.jpg,75,Complex,Complex,Cage,Turbinaria,78,3,1,6/10/21,0,100,0,0,0,0,0,0,0,0,0,0,0,0,0,0,0,0,0,0,0
Initial_76_cropped.jpg,76,Complex,Complex,Open,Turbinaria,84,1,1,6/10/21,0,100,0,0,0,0,0,0,0,0,0,0,0,0,0,0,0,0,0,0,0
Initial_77_cropped.jpg,77,Complex,Complex,Cage,Clean,33,3,1,6/10/21,0,100,0,0,0,0,0,0,0,0,0,0,0,0,0,0,0,0,0,0,0
Initial_78_cropped.jpg,78,Complex,Complex,Open,Clean,34,4,1,6/10/21,0,100,0,0,0,0,0,0,0,0,0,0,0,0,0,0,0,0,0,0,0
Initial_79_cropped.jpg,79,Complex,Complex,Open,Turbinaria,42,5,1,6/10/21,0,100,0,0,0,0,0,0,0,0,0,0,0,0,0,0,0,0,0,0,0
Initial_8_cropped.jpg,8,Simple,Simple,Open,Clean,50,4,1,6/10/21,0,100,0,0,0,0,0,0,0,0,0,0,0,0,0,0,0,0,0,0,0
Initial_80_cropped.jpeg,80,Complex,Complex,Open,Turbinaria,84,1,1,6/10/21,0,100,0,0,0,0,0,0,0,0,0,0,0,0,0,0,0,0,0,0,0
Initial_81_cropped.jpg,81,Complex,Complex,Open,Clean,34,4,1,6/10/21,0,100,0,0,0,0,0,0,0,0,0,0,0,0,0,0,0,0,0,0,0
Initial_82_cropped.jpeg,82,Complex,Complex,Cage,Clean,79,1,1,6/10/21,0,100,0,0,0,0,0,0,0,0,0,0,0,0,0,0,0,0,0,0,0
Initial_83_cropped.jpeg,83,Complex,Complex,Open,Clean,32,5,1,6/10/21,0,100,0,0,0,0,0,0,0,0,0,0,0,0,0,0,0,0,0,0,0
Initial_84_cropped.jpeg,84,Complex,Complex,Cage,Clean,35,2,1,6/10/21,0,100,0,0,0,0,0,0,0,0,0,0,0,0,0,0,0,0,0,0,0
Initial_85_cropped.jpeg,85,Complex,Mix,Cage,Clean,46,3,1,6/10/21,0,100,0,0,0,0,0,0,0,0,0,0,0,0,0,0,0,0,0,0,0
Initial_86_cropped.jpg,86,Complex,Complex,Open,Turbinaria,39,4,1,6/10/21,0,100,0,0,0,0,0,0,0,0,0,0,0,0,0,0,0,0,0,0,0
Initial_87_cropped.jpg,87,Complex,Complex,Open,Turbinaria,42,5,1,6/10/21,0,100,0,0,0,0,0,0,0,0,0,0,0,0,0,0,0,0,0,0,0
Initial_88_cropped.jpg,88,Complex,Mix,Open,Turbinaria,27,2,1,6/10/21,0,100,0,0,0,0,0,0,0,0,0,0,0,0,0,0,0,0,0,0,0
Initial_89_cropped.jpg,89,Complex,Mix,Cage,Clean,45,2,1,6/10/21,0,100,0,0,0,0,0,0,0,0,0,0,0,0,0,0,0,0,0,0,0
Initial_9_cropped.jpg,9,Simple,Simple,Open,Turbinaria,44,4,1,6/10/21,0,100,0,0,0,0,0,0,0,0,0,0,0,0,0,0,0,0,0,0,0
Initial_90_cropped.jpg,90,Complex,Complex,Open,Clean,35,2,1,6/10/21,0,100,0,0,0,0,0,0,0,0,0,0,0,0,0,0,0,0,0,0,0
Initial_92_cropped.jpg,92,Complex,Complex,Open,Turbinaria,78,3,1,6/10/21,0,100,0,0,0,0,0,0,0,0,0,0,0,0,0,0,0,0,0,0,0
Initial_93_cropped.jpg,93,Complex,Mix,Cage,Turbinaria,41,5,1,6/10/21,0,100,0,0,0,0,0,0,0,0,0,0,0,0,0,0,0,0,0,0,0
Initial_94_cropped.jpeg,94,Complex,Complex,Cage,Turbinaria,78,3,1,6/10/21,0,100,0,0,0,0,0,0,0,0,0,0,0,0,0,0,0,0,0,0,0
Initial_95_cropped.jpeg,95,Complex,Complex,Cage,Clean,34,4,1,6/10/21,0,100,0,0,0,0,0,0,0,0,0,0,0,0,0,0,0,0,0,0,0
Initial_96_cropped.jpeg,96,Complex,Complex,Open,Clean,32,5,1,6/10/21,0,100,0,0,0,0,0,0,0,0,0,0,0,0,0,0,0,0,0,0,0
Initial_97_cropped.jpg,97,Complex,Complex,Cage,Clean,32,5,1,6/10/21,0,100,0,0,0,0,0,0,0,0,0,0,0,0,0,0,0,0,0,0,0
Initial_98_cropped.jpg,98,Complex,Mix,Open,Turbinaria,38,4,1,6/10/21,0,100,0,0,0,0,0,0,0,0,0,0,0,0,0,0,0,0,0,0,0
Initial_99_cropped.jpeg,99,Complex,Mix,Cage,Clean,49,4,1,6/10/21,0,100,0,0,0,0,0,0,0,0,0,0,0,0,0,0,0,0,0,0,0
P6250278_cropped.jpg,115,Complex,Complex,Open,Clean,33,3,2,6/28/21,18,44,4,0,6,0,1,0,0,0,0,3,0,0,0,32,10,0,0,0,0
P6250279_cropped.jpg,107,Complex,Complex,Open,Clean,33,3,2,6/28/21,18,37,18,2,4,0,1,0,0,0,0,8,0,0,0,5,21,0,0,0,4
P6250282_cropped.jpg,123,Complex,Mix,Open,Clean,46,3,2,6/28/21,18,48,9,18,2,0,6,0,0,0,0,8,0,0,0,2,7,0,0,0,0
P6250284_cropped.jpg,38,Simple,Mix,Open,Clean,46,3,2,6/28/21,18,54,19,0,4,6,8,0,0,0,0,3,0,0,0,2,4,0,0,0,0
P6270447_cropped.jpg,132,Simple,Control,Control,Control,,3,2,6/28/21,18,43,15,1,3,0,9,0,0,0,0,4,0,0,0,23,2,0,0,0,0
P7130687_cropped.jpg,132,Simple,Control,Control,Control,,3,3,7/13/21,33,37,19,0,27,3,0,0,0,0,0,1,0,0,0,13,0,0,0,0,0
P6250292_cropped.jpg,92,Complex,Complex,Open,Turbinaria,78,3,2,6/28/21,18,33,13,17,9,2,9,0,0,0,0,2,0,0,0,11,4,0,0,0,0
P6250294_cropped.jpg,74,Complex,Complex,Open,Turbinaria,78,3,2,6/28/21,18,23,14,16,17,0,22,0,0,0,0,5,0,0,0,2,1,0,0,0,0
P8160970_cropped.jpg,132,Simple,Control,Control,Control,,3,4,8/16/21,67,38,11,0,32,1,10,0,0,0,0,4,0,0,0,4,0,0,0,0,0
P9101094_cropped.jpg,132,Simple,Control,Control,Control,,3,5,9/10/21,92,33,17,0,18,0,16,0,0,0,0,16,0,0,0,0,0,0,0,0,0
P6250301_cropped.jpg,94,Complex,Complex,Cage,Turbinaria,78,3,2,6/28/21,18,38,15,40,1,0,5,0,0,0,0,0,0,0,0,0,1,0,0,0,0
P6250303_cropped.jpg,75,Complex,Complex,Cage,Turbinaria,78,3,2,6/28/21,18,11,11,26,15,0,1,0,0,0,0,1,0,0,0,4,31,0,0,0,0
P6250305_cropped.jpg,52,Simple,Simple,Open,Turbinaria,43,3,2,6/28/21,18,47,22,0,24,0,2,0,0,0,0,4,0,0,0,1,0,0,0,0,0
P6250306_cropped.jpg,51,Simple,Simple,Open,Turbinaria,43,3,2,6/28/21,18,75,7,0,14,3,0,0,0,0,0,0,0,0,0,1,0,0,0,0,0
P6250308_cropped.jpg,58,Simple,Simple,Cage,Turbinaria,43,3,2,6/28/21,18,24,3,0,0,58,3,0,0,0,0,0,0,0,0,10,2,0,0,0,0
P6250309_cropped.jpg,10,Simple,Simple,Cage,Turbinaria,43,3,2,6/28/21,18,8,2,4,1,31,0,0,0,0,0,0,0,0,0,27,27,0,0,0,0
P6250314_cropped.jpg,102,Complex,Mix,Open,Turbinaria,80,3,2,6/28/21,18,66,2,22,0,0,0,0,0,0,0,0,0,0,0,4,6,0,0,0,0
P6250316_cropped.jpg,24,Simple,Mix,Open,Turbinaria,80,3,2,6/28/21,18,65,3,2,3,4,7,0,0,0,0,2,1,0,0,3,10,0,0,0,0
P6250317_cropped.jpeg,53,Simple,Mix,Cage,Turbinaria,80,3,2,6/28/21,18,27,3,12,0,30,0,0,0,0,0,0,0,0,0,14,14,0,0,0,0
P6250318_cropped.jpg,116,Complex,Mix,Cage,Turbinaria,80,3,2,6/28/21,18,5,3,44,0,27,1,0,0,0,0,0,0,0,0,14,5,0,0,1,0
P6250321_cropped.jpg,61,Simple,Simple,Open,Clean,48,3,2,6/28/21,18,70,1,0,2,0,1,0,0,0,0,26,0,0,0,0,0,0,0,0,0
P6250322_cropped.jpg,35,Simple,Simple,Open,Clean,48,3,2,6/28/21,18,79,3,0,10,0,3,0,0,0,0,5,0,0,0,0,0,0,0,0,0
P6250323_cropped.jpg,85,Complex,Mix,Cage,Clean,46,3,2,6/28/21,18,30,3,19,0,0,0,0,0,0,0,0,0,0,1,9,38,0,0,0,0
P6250324_cropped.jpeg,18,Simple,Mix,Cage,Clean,46,3,2,6/28/21,18,46,2,0,6,3,6,0,0,0,0,4,0,0,0,0,33,0,0,0,0
P6250327_cropped.jpg,41,Simple,Simple,Cage,Clean,48,3,2,6/28/21,18,38,14,0,11,0,0,0,0,0,1,36,0,0,0,0,0,0,0,0,0
P6250329_cropped.jpeg,40,Simple,Simple,Cage,Clean,48,3,2,6/28/21,18,33,11,0,7,4,1,0,0,0,0,8,0,0,0,20,16,0,0,0,0
P6250330_cropped.jpeg,77,Complex,Complex,Cage,Clean,33,3,2,6/28/21,18,13,9,18,0,15,0,0,0,0,0,0,0,0,1,9,35,0,0,0,0
P6250331_cropped.jpg,113,Complex,Complex,Cage,Clean,33,3,2,6/28/21,18,16,2,31,1,19,0,0,0,0,0,0,0,0,0,18,13,0,0,0,0
Initial_133_cropped.jpg,133,Simple,Control,Control,Control,,4,1,6/10/21,0,100,0,0,0,0,0,0,0,0,0,0,0,0,0,0,0,0,0,0,0
P6250339_cropped.jpeg,78,Complex,Complex,Open,Clean,34,4,2,6/28/21,18,56,7,11,2,3,1,0,0,0,0,2,0,0,0,4,14,0,0,0,0
P6250340_cropped.jpeg,81,Complex,Complex,Open,Clean,34,4,2,6/28/21,18,53,9,5,0,4,3,0,0,0,0,5,0,0,0,0,21,0,0,0,0
P6250341_cropped.jpg,95,Complex,Complex,Cage,Clean,34,4,2,6/28/21,18,7,0,7,0,7,0,0,0,0,0,0,0,0,0,0,79,0,0,0,0
P6250342_cropped.jpg,72,Complex,Complex,Cage,Clean,34,4,2,6/28/21,18,2,3,12,1,3,0,0,0,0,0,0,0,0,0,0,79,0,0,0,0
P6250345_cropped.jpg,86,Complex,Complex,Open,Turbinaria,39,4,2,6/28/21,18,47,0,3,24,4,0,0,0,0,0,1,0,0,0,9,12,0,0,0,0
P6250346_cropped.jpeg,124,Complex,Complex,Open,Turbinaria,39,4,2,6/28/21,18,37,0,35,5,1,3,0,0,0,0,3,0,0,0,5,11,0,0,0,0
P6250348_cropped.jpg,133,Simple,Control,Control,Control,,4,2,6/28/21,18,66,25,0,7,0,2,0,0,0,0,0,0,0,0,0,0,0,0,0,0
P7130603_cropped.jpeg,133,Simple,Control,Control,Control,,4,3,7/13/21,33,44,18,0,0,0,30,0,0,0,0,3,0,0,0,5,0,0,0,0,0
P8160857_cropped.jpg,133,Simple,Control,Control,Control,,4,4,8/16/21,67,52,16,0,7,0,19,0,0,0,0,6,0,0,0,0,0,0,0,0,0
P6250355_cropped.jpg,106,Complex,Complex,Cage,Turbinaria,39,4,2,6/28/21,18,0,5,32,0,35,0,0,0,0,0,0,0,0,0,5,23,0,0,0,0
P6250357_cropped.jpg,71,Complex,Complex,Cage,Turbinaria,39,4,2,6/28/21,18,2,3,20,0,30,0,0,0,0,0,1,0,0,0,18,26,0,0,0,0
P6250359_cropped.jpg,1,Simple,Simple,Open,Clean,50,4,2,6/28/21,18,60,12,0,18,0,2,0,0,0,0,8,0,0,0,0,0,0,0,0,0
P6250360_cropped.jpg,8,Simple,Simple,Open,Clean,50,4,2,6/28/21,18,52,9,0,21,0,2,0,0,0,0,15,0,0,0,1,0,0,0,0,0
P6250361_cropped.jpg,42,Simple,Simple,Cage,Clean,50,4,2,6/28/21,18,33,23,0,3,1,0,0,0,0,0,0,0,0,0,39,1,0,0,0,0
P6250362_cropped.jpg,7,Simple,Simple,Cage,Clean,50,4,2,6/28/21,18,42,6,0,7,6,7,0,0,0,0,3,0,0,0,12,17,0,0,0,0
P6250366_cropped.jpg,17,Simple,Simple,Open,Turbinaria,44,4,2,6/28/21,18,42,16,0,14,0,6,0,0,0,0,21,0,0,0,1,0,0,0,0,0
P6250368_cropped.jpg,15,Simple,Simple,Cage,Turbinaria,44,4,2,6/28/21,18,26,4,9,0,32,0,0,0,0,0,0,0,0,0,22,7,0,0,0,0
P6250369_cropped.jpg,45,Simple,Simple,Cage,Turbinaria,44,4,2,6/28/21,18,29,21,15,2,9,1,0,0,0,0,2,0,0,0,6,15,0,0,0,0
P6250370_cropped.jpg,9,Simple,Simple,Open,Turbinaria,44,4,2,6/28/21,18,49,1,0,10,0,20,0,0,0,0,20,0,0,0,0,0,0,0,0,0
P6250372_cropped.jpg,49,Simple,Mix,Open,Clean,49,4,2,6/28/21,18,35,10,0,8,0,12,0,0,0,0,34,0,0,0,0,1,0,0,0,0
P6250374_cropped.jpg,125,Complex,Mix,Open,Clean,49,4,2,6/28/21,18,55,2,0,4,6,0,0,0,0,0,3,0,0,0,28,2,0,0,0,0
P6250375_cropped.jpg,59,Simple,Mix,Cage,Clean,49,4,2,6/28/21,18,51,24,0,1,1,2,0,0,0,0,3,0,0,0,11,7,0,0,0,0
P6250376_cropped.jpg,99,Complex,Mix,Cage,Clean,49,4,2,6/28/21,18,8,20,6,0,16,0,0,0,0,0,0,0,0,0,5,45,0,0,0,0
P6250378_cropped.jpg,98,Complex,Mix,Open,Turbinaria,38,4,2,6/28/21,18,57,13,3,4,1,0,0,0,0,0,0,0,0,0,22,0,0,0,0,0
P6250379_cropped.jpg,62,Simple,Mix,Open,Turbinaria,38,4,2,6/28/21,18,67,8,0,9,0,8,0,0,0,0,6,0,0,0,1,1,0,0,0,0
P6250380_cropped.jpg,44,Simple,Mix,Cage,Turbinaria,38,4,2,6/28/21,18,11,13,13,1,10,0,0,0,0,0,0,0,0,0,13,39,0,0,0,0
P6250383_cropped.jpg,109,Complex,Mix,Cage,Turbinaria,38,4,2,6/28/21,18,6,11,11,1,45,0,0,0,0,0,0,0,0,0,15,11,0,0,0,0
P6250388_cropped.jpg,87,Complex,Complex,Open,Turbinaria,42,5,2,6/28/21,18,38,6,25,14,1,0,0,0,0,0,10,0,0,0,5,1,0,0,0,0
P6250391_cropped.jpg,79,Complex,Complex,Open,Turbinaria,42,5,2,6/28/21,18,56,2,1,6,9,0,0,0,0,0,2,0,0,0,24,0,0,0,0,0
P6250394_cropped.jpg,103,Complex,Complex,Cage,Turbinaria,42,5,2,6/28/21,18,21,7,0,2,21,2,0,0,0,0,2,0,0,0,7,38,0,0,0,0
P6250396_cropped.jpg,128,Complex,Complex,Cage,Turbinaria,42,5,2,6/28/21,18,7,8,38,1,24,0,0,0,0,0,0,0,0,0,6,16,0,0,0,0
P6250398_cropped.jpg,83,Complex,Complex,Open,Clean,32,5,2,6/28/21,18,51,3,7,0,12,0,0,0,0,0,6,0,0,0,2,19,0,0,0,0
P6250399_cropped.jpg,96,Complex,Complex,Open,Clean,32,5,2,6/28/21,18,50,6,5,3,18,0,0,0,0,0,2,0,0,0,3,13,0,0,0,0
P6250400_cropped.jpg,97,Complex,Complex,Cage,Clean,32,5,2,6/28/21,18,5,7,14,0,24,0,0,0,0,0,1,0,0,3,16,30,0,0,0,0
P6250401_cropped.jpg,104,Complex,Complex,Cage,Clean,32,5,2,6/28/21,18,9,7,13,0,23,0,0,0,0,0,0,0,0,0,10,38,0,0,0,0
P6250403_cropped.jpg,66,Complex,Mix,Open,Clean,37,5,2,6/28/21,18,44,9,7,5,16,0,0,0,0,0,3,0,0,0,15,1,0,0,0,0
P6250404_cropped.jpg,56,Simple,Mix,Cage,Clean,37,5,2,6/28/21,18,44,14,0,23,0,12,0,0,0,0,5,0,0,0,2,0,0,0,0,0
P6250406_cropped.jpg,37,Simple,Mix,Open,Clean,37,5,2,6/28/21,18,0,7,53,0,19,0,0,0,0,0,0,0,0,0,1,20,0,0,0,0
P6250407_cropped.jpg,69,Complex,Mix,Cage,Clean,37,5,2,6/28/21,18,2,4,34,0,27,0,0,0,0,0,0,0,0,0,2,28,3,0,0,0
P9101201_cropped.jpg,133,Simple,Control,Control,Control,,4,5,9/10/21,92,37,15,0,20,1,6,0,0,0,0,10,0,0,0,10,0,0,1,0,0
Initial_134_cropped.jpg,134,Simple,Control,Control,Control,,5,1,6/10/21,0,100,0,0,0,0,0,0,0,0,0,0,0,0,0,0,0,0,0,0,0
P6250414_cropped.jpg,39,Simple,Simple,Open,Clean,31,5,2,6/28/21,18,56,9,0,12,2,14,0,0,0,0,2,0,0,0,5,0,0,0,0,0
P6250415_cropped.jpg,31,Simple,Simple,Open,Clean,31,5,2,6/28/21,18,46,5,0,4,1,14,0,0,0,0,19,0,0,0,9,2,0,0,0,0
P6250416_cropped.jpg,4,Simple,Simple,Cage,Clean,31,5,2,6/28/21,18,11,4,58,0,10,0,0,0,0,0,0,0,0,0,6,11,0,0,0,0
P6250417_cropped.jpg,16,Simple,Simple,Cage,Clean,31,5,2,6/28/21,18,2,3,11,0,39,0,0,0,0,0,0,0,0,0,7,38,0,0,0,0
P6250422_cropped.jpg,64,Simple,Mix,Open,Turbinaria,41,5,2,6/28/21,18,42,13,0,6,0,22,0,0,0,0,13,0,0,0,3,1,0,0,0,0
P6250424_cropped.jpg,110,Complex,Mix,Open,Turbinaria,41,5,2,6/28/21,18,31,13,2,6,4,2,0,0,0,0,12,0,0,0,19,11,0,0,0,0
P6250425_cropped.jpg,12,Simple,Mix,Cage,Turbinaria,41,5,2,6/28/21,18,15,1,28,0,15,0,0,0,0,0,0,0,0,0,23,18,0,0,0,0
P6250426_cropped.jpg,93,Complex,Mix,Cage,Turbinaria,41,5,2,6/28/21,18,8,9,27,0,20,0,0,0,0,0,0,0,0,0,25,11,0,0,0,0
P6270433_cropped.jpg,11,Simple,Simple,Open,Turbinaria,36,5,2,6/28/21,18,46,10,0,6,1,4,0,0,0,0,20,0,0,0,11,2,0,0,0,0
P6270434_cropped.jpg,29,Simple,Simple,Open,Turbinaria,36,5,2,6/28/21,18,42,12,0,0,0,10,0,0,0,0,19,0,0,0,14,3,0,0,0,0
P6270435_cropped.jpg,47,Simple,Simple,Cage,Turbinaria,36,5,2,6/28/21,18,14,22,7,1,1,1,0,0,0,0,1,0,0,0,38,15,0,0,0,0
P6270437_cropped.jpg,43,Simple,Simple,Cage,Turbinaria,36,5,2,6/28/21,18,12,10,1,0,15,3,0,0,0,0,4,0,0,0,33,22,0,0,0,0
P6250413_cropped.jpg,134,Simple,Control,Control,Control,,5,2,6/28/21,18,36,20,0,0,4,19,0,0,0,0,0,0,0,0,4,17,0,0,0,0
P7130563_cropped.jpg,134,Simple,Control,Control,Control,,5,3,7/13/21,33,24,10,0,11,28,3,0,0,0,0,8,0,0,0,16,0,0,0,0,0
P8160836_cropped.jpg,134,Simple,Control,Control,Control,,5,4,8/16/21,67,20,15,0,24,0,25,0,0,0,0,7,0,0,0,9,0,0,0,0,0
P9101271_cropped.jpg,134,Simple,Control,Control,Control,,5,5,9/10/21,92,68,12,0,8,0,5,0,0,0,0,7,0,0,0,0,0,0,0,0,0
Initial_135_cropped.jpeg,135,Simple,Control,Control,Control,,2,1,6/10/21,0,100,0,0,0,0,0,0,0,0,0,0,0,0,0,0,0,0,0,0,0
P6250289_cropped.jpg,135,Simple,Control,Control,Control,,2,2,6/28/21,18,30,29,0,2,9,1,0,0,0,0,0,0,0,0,29,0,0,0,0,0
P6270449_cropped.jpg,54,Simple,Simple,Open,Clean,85,1,2,6/28/21,18,48,2,2,25,1,0,0,0,0,0,19,0,0,0,2,1,0,0,0,0
P6270450_cropped.jpg,27,Simple,Simple,Open,Clean,85,1,2,6/28/21,18,50,1,0,12,0,4,0,0,0,0,15,0,0,0,17,1,0,0,0,0
P6270452_cropped.jpg,20,Simple,Simple,Cage,Clean,85,1,2,6/28/21,18,6,15,30,0,19,0,0,0,0,0,0,0,0,0,24,6,0,0,0,0
P6270454_cropped.jpg,30,Simple,Simple,Cage,Clean,85,1,2,6/28/21,18,0,11,8,0,3,0,0,0,0,0,0,0,0,0,10,68,0,0,0,0
P6270456_cropped.jpg,68,Complex,Complex,Open,Clean,79,1,2,6/28/21,18,54,2,13,3,0,0,0,0,0,0,4,0,0,0,19,5,0,0,0,0
P6270457_cropped.jpg,112,Complex,Complex,Open,Clean,79,1,2,6/28/21,18,29,3,36,3,0,1,0,0,0,0,12,0,0,0,12,4,0,0,0,0
P6270459_cropped.jpg,82,Complex,Complex,Cage,Clean,79,1,2,6/28/21,18,0,17,11,0,63,0,0,0,0,0,0,0,0,0,0,9,0,0,0,0
P6270461_cropped.jpg,105,Complex,Complex,Cage,Clean,79,1,2,6/28/21,18,0,0,22,0,12,0,0,0,0,0,0,0,0,0,3,63,0,0,0,0
P6270463_cropped.jpg,60,Simple,Mix,Open,Clean,28,1,2,6/28/21,18,33,0,0,33,0,0,0,0,0,0,27,0,0,0,7,0,0,0,0,0
P6270464_cropped.jpg,120,Complex,Mix,Open,Clean,28,1,2,6/28/21,18,32,14,11,2,4,2,0,0,0,0,8,0,0,0,15,12,0,0,0,0
P6270465_cropped.jpg,63,Simple,Mix,Cage,Clean,28,1,2,6/28/21,18,12,4,0,3,1,9,0,0,0,0,2,0,0,0,68,1,0,0,0,0
P6270466_cropped.jpg,108,Complex,Mix,Cage,Clean,28,1,2,6/28/21,18,32,2,34,6,5,1,0,0,0,0,2,0,0,0,12,6,0,0,0,0
P6270470_cropped.jpg,80,Complex,Complex,Open,Turbinaria,84,1,2,6/28/21,18,41,1,18,5,3,11,0,0,0,0,13,0,0,0,7,1,0,0,0,0
P6270471_cropped.jpg,76,Complex,Complex,Open,Turbinaria,84,1,2,6/28/21,18,36,7,0,8,8,2,0,0,0,0,15,0,0,0,22,2,0,0,0,0
P6270473_cropped.jpg,122,Complex,Complex,Cage,Turbinaria,84,1,2,6/28/21,18,11,1,29,5,5,4,0,0,0,0,7,0,0,0,21,17,0,0,0,0
P6270474_cropped.jpg,67,Complex,Complex,Cage,Turbinaria,84,1,2,6/28/21,18,15,9,31,3,2,1,0,0,0,0,11,0,0,0,9,19,0,0,0,0
P6270476_cropped.jpg,25,Simple,Mix,Cage,Turbinaria,30,1,2,6/28/21,18,18,3,10,0,16,16,0,0,0,0,0,0,0,0,11,26,0,0,0,0
P6270479_cropped.jpg,101,Complex,Mix,Open,Turbinaria,30,1,2,6/28/21,18,9,1,41,15,12,6,0,0,0,0,5,0,0,0,9,2,0,0,0,0
P6270481_cropped.jpg,57,Simple,Mix,Open,Turbinaria,30,1,2,6/28/21,18,8,11,1,7,13,37,0,0,0,0,6,0,0,0,11,6,0,0,0,0
P6270482_cropped.jpg,114,Complex,Mix,Cage,Turbinaria,30,1,2,6/28/21,18,9,15,34,2,11,3,0,0,0,0,3,0,0,0,18,5,0,0,0,0
P6270484_cropped.jpg,46,Simple,Simple,Open,Turbinaria,29,1,2,6/28/21,18,67,0,0,11,0,3,0,0,0,0,13,0,0,0,6,0,0,0,0,0
P6270485_cropped.jpg,34,Simple,Simple,Open,Turbinaria,29,1,2,6/28/21,18,54,2,0,6,2,4,0,0,0,0,26,0,0,0,4,2,0,0,0,0
P6270487_cropped.jpg,3,Simple,Simple,Cage,Turbinaria,29,1,2,6/28/21,18,9,7,19,2,18,2,0,0,0,0,4,0,0,0,8,31,0,0,0,0
P6270488_cropped.jpg,13,Simple,Simple,Cage,Turbinaria,29,1,2,6/28/21,18,4,11,24,0,0,1,0,0,0,0,0,0,0,0,15,45,0,0,0,0
P6270490_cropped.jpg,88,Complex,Mix,Open,Turbinaria,27,2,2,6/28/21,18,44,2,26,6,3,2,0,0,0,0,4,0,0,0,4,9,0,0,0,0
P6270491_cropped.jpg,5,Simple,Mix,Open,Turbinaria,27,2,2,6/28/21,18,54,8,0,13,0,10,0,0,0,0,10,0,0,0,5,0,0,0,0,0
P6270493_cropped.jpg,70,Complex,Mix,Cage,Turbinaria,27,2,2,6/28/21,18,0,0,55,0,3,0,0,0,0,0,1,0,0,0,16,25,0,0,0,0
P6270495_cropped.jpg,19,Simple,Mix,Cage,Turbinaria,27,2,2,6/28/21,18,2,3,60,0,1,3,0,0,0,0,0,0,0,0,10,21,0,0,0,0
P6270497_cropped.jpg,50,Simple,Mix,Open,Clean,45,2,2,6/28/21,18,55,1,0,13,1,6,0,0,0,0,17,0,0,0,7,0,0,0,0,0
P6270498_cropped.jpeg,126,Complex,Mix,Open,Clean,45,2,2,6/28/21,18,27,13,17,2,0,1,0,0,0,0,12,0,0,0,13,15,0,0,0,0
P6270499_cropped.jpg,6,Simple,Mix,Cage,Clean,45,2,2,6/28/21,18,29,0,16,3,0,11,0,0,0,0,3,0,0,0,28,10,0,0,0,0
P6270500_cropped.jpg,89,Complex,Mix,Cage,Clean,45,2,2,6/28/21,18,9,3,28,2,12,4,0,0,0,0,3,0,0,0,22,17,0,0,0,0
P6270502_cropped.jpg,48,Simple,Simple,Open,Turbinaria,83,2,2,6/28/21,18,35,1,0,17,2,22,0,0,0,0,18,0,0,0,4,1,0,0,0,0
P6270503_cropped.jpeg,33,Simple,Simple,Open,Turbinaria,83,2,2,6/28/21,18,47,0,0,17,7,10,0,0,0,0,17,0,0,0,2,0,0,0,0,0
P6270504_cropped.jpeg,22,Simple,Simple,Cage,Turbinaria,83,2,2,6/28/21,18,23,5,1,2,6,0,0,0,0,0,6,0,0,0,54,3,0,0,0,0
P6270505_cropped.jpeg,2,Simple,Simple,Cage,Turbinaria,83,2,2,6/28/21,18,12,9,37,1,14,5,0,0,0,0,11,0,0,0,6,5,0,0,0,0
P6270507_cropped.jpeg,36,Simple,Simple,Open,Clean,40,2,2,6/28/21,18,65,9,0,11,0,3,0,0,0,0,9,0,0,0,2,1,0,0,0,0
P6270508_cropped.jpeg,55,Simple,Simple,Open,Clean,40,2,2,6/28/21,18,46,11,2,8,4,2,0,0,0,0,15,0,0,0,12,0,0,0,0,0
P6270509_cropped.jpg,32,Simple,Simple,Cage,Clean,40,2,2,6/28/21,18,7,1,34,0,3,0,0,0,0,0,0,0,0,0,19,36,0,0,0,0
P6270510_cropped.jpg,14,Simple,Simple,Cage,Clean,40,2,2,6/28/21,18,4,4,7,0,5,3,0,0,0,0,0,0,0,0,30,47,0,0,0,0
P6270512_cropped.jpg,90,Complex,Complex,Open,Clean,35,2,2,6/28/21,18,40,0,21,3,0,1,0,0,0,0,11,0,0,0,20,4,0,0,0,0
P6270513_cropped.jpeg,111,Complex,Complex,Open,Clean,35,2,2,6/28/21,18,21,6,33,1,7,1,0,0,0,0,6,0,0,0,14,11,0,0,0,0
P6270514_cropped.jpg,100,Complex,Complex,Cage,Clean,35,2,2,6/28/21,18,2,0,78,0,0,0,0,0,0,0,0,0,0,0,10,10,0,0,0,0
P6270516_cropped.jpeg,84,Complex,Complex,Cage,Clean,35,2,2,6/28/21,18,7,2,73,0,1,0,0,0,0,0,0,0,0,0,8,9,0,0,0,0
P6270518_cropped.jpg,119,Complex,Complex,Open,Turbinaria,26,2,2,6/28/21,18,34,4,12,6,1,1,0,0,0,0,7,0,0,0,21,14,0,0,0,0
P6270519_cropped.jpg,65,Complex,Complex,Open,Turbinaria,26,2,2,6/28/21,18,16,2,12,2,14,3,0,0,0,0,1,0,0,0,39,11,0,0,0,0
P6270520_cropped.jpg,121,Complex,Complex,Cage,Turbinaria,26,2,2,6/28/21,18,8,1,54,2,6,0,0,0,0,0,1,0,0,0,6,22,0,0,0,0
P6270521_cropped.jpg,117,Complex,Complex,Cage,Turbinaria,26,2,2,6/28/21,18,0,2,50,0,5,1,0,0,0,0,0,0,0,0,10,32,0,0,0,0
P7130529_cropped.jpg,66,Complex,Mix,Open,Clean,37,5,3,7/13/21,33,22,1,29,22,2,5,0,0,0,0,8,0,0,0,5,6,0,0,0,0
P7130534_cropped.jpg,56,Simple,Mix,Cage,Clean,37,5,3,7/13/21,33,31,3,9,8,1,9,0,0,0,0,21,0,0,0,18,0,0,0,0,0
P7130536_cropped.jpg,37,Simple,Mix,Open,Clean,37,5,3,7/13/21,33,0,6,29,0,38,0,5,0,0,0,0,0,0,0,8,14,0,0,0,0
P7130538_cropped.jpg,69,Complex,Mix,Cage,Clean,37,5,3,7/13/21,33,0,0,24,0,35,0,0,23,0,0,0,0,0,0,5,13,0,0,0,0
P7130542_cropped.jpeg,83,Complex,Complex,Open,Clean,32,5,3,7/13/21,33,25,3,31,24,1,3,0,0,0,0,10,0,0,0,1,2,0,0,0,0
P7130543_cropped.jpg,96,Complex,Complex,Open,Clean,32,5,3,7/13/21,33,24,5,3,20,24,3,0,0,0,0,4,0,0,0,5,12,0,0,0,0
P7130545_cropped.jpeg,97,Complex,Complex,Cage,Clean,32,5,3,7/13/21,33,0,0,2,0,72,0,0,0,0,0,0,0,0,0,4,22,0,0,0,0
P7130548_cropped.jpg,99,Complex,Mix,Cage,Clean,49,4,3,7/13/21,33,1,0,2,0,17,0,0,8,0,0,0,0,0,0,2,70,0,0,0,0
P7130551_cropped.jpeg,104,Complex,Complex,Cage,Clean,32,5,3,7/13/21,33,27,5,9,9,32,5,0,0,0,0,1,0,0,0,12,0,0,0,0,0
P7130554_cropped.jpeg,87,Complex,Complex,Open,Turbinaria,42,5,3,7/13/21,33,22,4,4,29,21,4,0,0,0,0,4,0,0,0,10,2,0,0,0,0
P7130556_cropped.jpeg,79,Complex,Complex,Open,Turbinaria,42,5,3,7/13/21,33,1,0,6,0,81,0,0,0,0,0,1,0,0,0,0,11,0,0,0,0
P7130557_cropped.jpeg,128,Complex,Complex,Cage,Turbinaria,42,5,3,7/13/21,33,1,4,5,0,85,0,0,0,0,0,0,0,0,0,0,5,0,0,0,0
P7130559_cropped.jpeg,103,Complex,Complex,Cage,Turbinaria,42,5,3,7/13/21,33,6,0,21,0,65,0,0,0,0,0,0,1,0,0,3,4,0,0,0,0
P7130657_cropped.jpeg,135,Simple,Control,Control,Control,,2,3,7/13/21,33,40,14,0,10,6,3,0,0,0,0,6,0,0,0,20,1,0,0,0,0
P8160893_cropped.jpeg,135,Simple,Control,Control,Control,,2,4,8/16/21,67,43,18,0,10,9,14,0,0,0,0,1,0,0,0,5,0,0,0,0,0
P9101164_cropped.jpeg,135,Simple,Control,Control,Control,,2,5,9/10/21,92,23,9,11,8,14,0,0,0,0,0,4,0,0,0,16,0,0,15,0,0
Initial_136_cropped.jpg,136,Simple,Control,Control,Control,,3,1,6/10/21,0,100,0,0,0,0,0,0,0,0,0,0,0,0,0,0,0,0,0,0,0
P7130569_cropped.jpg,39,Simple,Simple,Open,Clean,31,5,3,7/13/21,33,58,3,0,23,0,7,0,0,0,0,7,0,0,0,2,0,0,0,0,0
P7130570_cropped.jpeg,31,Simple,Simple,Open,Clean,31,5,3,7/13/21,33,42,5,0,25,1,13,0,0,0,0,13,0,0,0,1,0,0,0,0,0
P7130572_cropped.jpg,16,Simple,Simple,Cage,Clean,31,5,3,7/13/21,33,1,0,33,0,51,3,0,0,0,0,0,0,0,0,3,7,2,0,0,0
P7130574_cropped.jpeg,4,Simple,Simple,Cage,Clean,31,5,3,7/13/21,33,1,0,2,0,76,0,0,1,0,0,0,0,0,0,1,19,0,0,0,0
P7130578_cropped.jpeg,110,Complex,Mix,Open,Turbinaria,41,5,3,7/13/21,33,23,4,13,30,7,3,0,0,0,0,0,0,0,0,20,0,0,0,0,0
P7130579_cropped.jpg,12,Simple,Mix,Cage,Turbinaria,41,5,3,7/13/21,33,4,1,27,0,52,3,0,4,0,0,0,0,0,0,3,6,0,0,0,0
P7130581_cropped.jpeg,93,Complex,Mix,Cage,Turbinaria,41,5,3,7/13/21,33,2,8,14,0,74,0,0,0,0,0,0,0,0,0,1,1,0,0,0,0
P7130582_cropped.jpeg,64,Simple,Mix,Open,Turbinaria,41,5,3,7/13/21,33,31,3,2,17,17,18,0,0,0,0,2,0,0,0,9,1,0,0,0,0
P7130584_cropped.jpeg,11,Simple,Simple,Open,Turbinaria,36,5,3,7/13/21,33,32,1,0,31,2,19,0,0,0,0,13,0,0,0,2,0,0,0,0,0
P7130585_cropped.jpg,29,Simple,Simple,Open,Turbinaria,36,5,3,7/13/21,33,33,2,0,36,0,16,0,0,0,0,13,0,0,0,0,0,0,0,0,0
P7130587_cropped.jpeg,47,Simple,Simple,Cage,Turbinaria,36,5,3,7/13/21,33,9,2,20,1,37,6,0,0,0,0,2,0,0,0,20,3,0,0,0,0
P7130588_cropped.jpg,43,Simple,Simple,Cage,Turbinaria,36,5,3,7/13/21,33,5,4,6,3,43,0,0,2,0,0,0,0,0,0,23,14,0,0,0,0
P7130590_cropped.jpeg,49,Simple,Mix,Open,Clean,49,4,3,7/13/21,33,14,2,0,40,0,26,0,0,0,0,18,0,0,0,0,0,0,0,0,0
P7130591_cropped.jpg,125,Complex,Mix,Open,Clean,49,4,3,7/13/21,33,35,2,0,28,2,2,0,0,0,0,5,2,0,0,23,0,0,0,1,0
P7130592_cropped.jpeg,59,Simple,Mix,Cage,Clean,49,4,3,7/13/21,33,36,1,11,3,35,7,0,0,0,0,4,0,0,0,3,0,0,0,0,0
P7130597_cropped.jpg,17,Simple,Simple,Open,Turbinaria,44,4,3,7/13/21,33,24,0,0,50,0,12,0,0,0,0,14,0,0,0,0,0,0,0,0,0
P7130599_cropped.jpg,15,Simple,Simple,Cage,Turbinaria,44,4,3,7/13/21,33,3,0,10,0,58,1,0,5,0,0,0,0,0,0,15,8,0,0,0,0
P7130600_cropped.jpeg,9,Simple,Simple,Open,Turbinaria,44,4,3,7/13/21,33,16,2,0,40,0,35,0,0,0,0,7,0,0,0,0,0,0,0,0,0
P7130601_cropped.jpg,45,Simple,Simple,Cage,Turbinaria,44,4,3,7/13/21,33,9,7,47,0,25,1,0,0,0,0,2,0,0,0,8,1,0,0,0,0
P6270445_cropped.jpg,136,Simple,Control,Control,Control,,3,2,6/28/21,18,31,12,0,0,5,6,0,0,0,0,6,0,0,0,15,25,0,0,0,0
P7130685_cropped.jpg,136,Simple,Control,Control,Control,,3,3,7/13/21,33,30,19,0,9,19,6,0,0,0,0,0,0,0,0,16,1,0,0,0,0
P8160967_cropped.jpg,136,Simple,Control,Control,Control,,3,4,8/16/21,67,32,15,0,38,0,6,0,0,0,0,8,0,0,0,1,0,0,0,0,0
P7130606_cropped.jpeg,1,Simple,Simple,Open,Clean,50,4,3,7/13/21,33,26,1,0,55,0,2,0,0,0,0,14,0,0,0,2,0,0,0,0,0
P7130607_cropped.jpeg,8,Simple,Simple,Open,Clean,50,4,3,7/13/21,33,31,3,0,33,3,5,0,0,0,0,17,0,0,0,8,0,0,0,0,0
P7130608_cropped.jpg,42,Simple,Simple,Cage,Clean,50,4,3,7/13/21,33,8,0,37,1,31,1,0,0,0,0,2,0,0,0,3,17,0,0,0,0
P7130610_cropped.jpg,7,Simple,Simple,Cage,Clean,50,4,3,7/13/21,33,5,1,5,11,61,0,0,0,0,0,1,0,0,0,7,9,0,0,0,0
P9101101_cropped.jpeg,136,Simple,Control,Control,Control,,3,5,9/10/21,92,35,21,0,16,0,4,0,0,0,0,24,0,0,0,0,0,0,0,0,0
P7130614_cropped.jpg,124,Complex,Complex,Open,Turbinaria,39,4,3,7/13/21,33,15,2,36,22,5,2,0,1,0,0,8,0,0,0,9,0,0,0,0,0
P7130616_cropped.jpeg,86,Complex,Complex,Open,Turbinaria,39,4,3,7/13/21,33,16,7,6,39,8,3,0,0,0,0,2,0,0,0,19,0,0,0,0,0
P7130618_cropped.jpg,71,Complex,Complex,Cage,Turbinaria,39,4,3,7/13/21,33,1,8,22,0,39,0,0,1,0,0,0,0,0,0,4,25,0,0,0,0
P7130622_cropped.jpg,106,Complex,Complex,Cage,Turbinaria,39,4,3,7/13/21,33,0,0,7,0,76,0,0,0,0,0,0,0,0,0,0,14,3,0,0,0
P7130624_cropped.jpeg,78,Complex,Complex,Open,Clean,34,4,3,7/13/21,33,26,7,10,19,6,2,0,0,0,0,13,0,0,0,17,0,0,0,0,0
P7130625_cropped.jpg,81,Complex,Complex,Open,Clean,34,4,3,7/13/21,33,18,3,23,11,10,4,0,0,0,0,14,0,0,0,17,0,0,0,0,0
P7130626_cropped.jpg,95,Complex,Complex,Cage,Clean,34,4,3,7/13/21,33,2,0,36,0,13,0,0,0,0,0,0,0,0,0,4,45,0,0,0,0
P7130628_cropped.jpg,72,Complex,Complex,Cage,Clean,34,4,3,7/13/21,33,2,1,5,0,10,0,0,0,0,0,1,0,0,0,0,81,0,0,0,0
P7130631_cropped.jpeg,98,Complex,Mix,Open,Turbinaria,38,4,3,7/13/21,33,20,2,6,29,13,2,0,0,0,0,5,0,0,0,23,0,0,0,0,0
P7130632_cropped.jpg,62,Simple,Mix,Open,Turbinaria,38,4,3,7/13/21,33,30,6,0,19,3,11,0,0,0,0,19,0,0,0,12,0,0,0,0,0
P7130634_cropped.jpeg,109,Complex,Mix,Cage,Turbinaria,38,4,3,7/13/21,33,0,0,37,0,60,0,0,1,0,0,0,0,0,0,2,0,0,0,0,0
P7130637_cropped.jpg,44,Simple,Mix,Cage,Turbinaria,38,4,3,7/13/21,33,13,2,10,0,44,2,0,0,0,0,0,0,0,0,24,0,4,1,0,0
P7130640_cropped.jpg,51,Simple,Simple,Open,Turbinaria,43,3,3,7/13/21,33,38,1,0,44,0,1,0,0,0,0,12,0,0,0,4,0,0,0,0,0
P7130641_cropped.jpeg,52,Simple,Simple,Open,Turbinaria,43,3,3,7/13/21,33,45,5,0,40,0,8,0,0,0,0,1,0,0,0,1,0,0,0,0,0
P7130642_cropped.jpg,10,Simple,Simple,Cage,Turbinaria,43,3,3,7/13/21,33,3,1,4,0,64,0,0,0,0,0,0,0,0,0,7,21,0,0,0,0
P7130644_cropped.jpg,58,Simple,Simple,Cage,Turbinaria,43,3,3,7/13/21,33,1,0,0,0,49,0,0,43,0,0,0,0,0,0,6,1,0,0,0,0
P7130647_cropped.jpg,24,Simple,Mix,Open,Turbinaria,80,3,3,7/13/21,33,55,3,0,15,0,21,0,0,0,0,2,0,0,0,4,0,0,0,0,0
P7130649_cropped.jpg,102,Complex,Mix,Open,Turbinaria,80,3,3,7/13/21,33,45,5,12,7,1,3,0,0,0,0,2,0,0,0,25,0,0,0,0,0
P7130650_cropped.jpg,53,Simple,Mix,Cage,Turbinaria,80,3,3,7/13/21,33,0,0,8,0,80,0,0,5,0,0,0,0,0,0,1,6,0,0,0,0
P7130653_cropped.jpg,116,Complex,Mix,Cage,Turbinaria,80,3,3,7/13/21,33,0,8,68,0,22,0,0,0,0,0,0,0,0,0,0,2,0,0,0,0
Initial_137_cropped.jpeg,137,Complex,Control,Control,Control,,5,1,6/10/21,0,100,0,0,0,0,0,0,0,0,0,0,0,0,0,0,0,0,0,0,0
P6270442_cropped.jpg,137,Complex,Control,Control,Control,,5,2,6/28/21,18,20,13,20,1,2,0,0,0,0,0,3,0,0,0,12,29,0,0,0,0
P7130564_cropped.jpeg,137,Complex,Control,Control,Control,,5,3,7/13/21,33,15,11,6,1,38,1,0,1,0,0,0,0,0,0,25,2,0,0,0,0
P8160834_cropped.jpg,137,Complex,Control,Control,Control,,5,4,8/16/21,67,22,16,3,9,11,3,0,0,0,0,7,0,0,0,27,0,0,2,0,0
P7130659_cropped.jpg,74,Complex,Complex,Open,Turbinaria,78,3,3,7/13/21,33,25,0,31,27,2,12,0,0,0,0,1,0,0,0,2,0,0,0,0,0
P7130660_cropped.jpg,92,Complex,Complex,Open,Turbinaria,78,3,3,7/13/21,33,20,8,33,5,8,14,0,0,0,0,1,0,0,0,11,0,0,0,0,0
P7130661_cropped.jpg,75,Complex,Complex,Cage,Turbinaria,78,3,3,7/13/21,33,0,0,36,0,40,0,0,0,0,0,0,0,0,0,1,22,1,0,0,0
P7130665_cropped.jpg,94,Complex,Complex,Cage,Turbinaria,78,3,3,7/13/21,33,1,10,83,0,0,3,0,0,0,0,0,0,0,0,3,0,0,0,0,0
P7130667_cropped.jpeg,38,Simple,Mix,Open,Clean,46,3,3,7/13/21,33,48,4,0,12,0,6,0,0,0,0,21,0,0,0,9,0,0,0,0,0
P7130668_cropped.jpg,123,Complex,Mix,Open,Clean,46,3,3,7/13/21,33,13,3,16,19,24,0,0,0,0,0,11,0,0,0,9,5,0,0,0,0
P7130669_cropped.jpg,18,Simple,Mix,Cage,Clean,46,3,3,7/13/21,33,13,3,22,0,22,6,0,2,0,0,1,0,0,0,22,8,0,0,1,0
P7130670_cropped.jpeg,85,Complex,Mix,Cage,Clean,46,3,3,7/13/21,33,1,0,5,1,68,0,0,0,0,0,0,0,0,0,11,5,9,0,0,0
P7130673_cropped.jpeg,115,Complex,Complex,Open,Clean,33,3,3,7/13/21,33,29,1,4,30,7,0,0,0,0,0,6,0,0,0,22,1,0,0,0,0
P7130674_cropped.jpeg,107,Complex,Complex,Open,Clean,33,3,3,7/13/21,33,20,0,12,32,7,2,0,0,0,0,7,0,0,0,20,0,0,0,0,0
P7130675_cropped.jpg,77,Complex,Complex,Cage,Clean,33,3,3,7/13/21,33,5,0,32,1,47,0,0,7,0,0,0,0,0,0,0,8,0,0,0,0
P7130677_cropped.jpg,113,Complex,Complex,Cage,Clean,33,3,3,7/13/21,33,0,7,11,0,43,0,0,0,0,0,0,0,0,0,0,39,0,0,0,0
P7130680_cropped.jpg,61,Simple,Simple,Open,Clean,48,3,3,7/13/21,33,20,3,0,55,1,5,0,0,0,0,13,0,0,0,3,0,0,0,0,0
P7130681_cropped.jpeg,35,Simple,Simple,Open,Clean,48,3,3,7/13/21,33,27,4,0,45,0,6,0,0,0,0,5,0,0,0,13,0,0,0,0,0
P7130682_cropped.jpg,41,Simple,Simple,Cage,Clean,48,3,3,7/13/21,33,25,3,7,22,19,4,0,2,0,0,2,0,0,0,14,0,2,0,0,0
P7130683_cropped.jpeg,40,Simple,Simple,Cage,Clean,48,3,3,7/13/21,33,11,0,18,4,40,0,0,2,0,0,4,0,0,0,9,12,0,0,0,0
P9101275_cropped.jpeg,137,Complex,Control,Control,Control,,5,5,9/10/21,92,27,9,8,7,31,1,0,0,0,0,0,0,0,0,4,0,0,13,0,0
Initial_138_cropped.jpeg,138,Complex,Control,Control,Control,,2,1,6/10/21,0,100,0,0,0,0,0,0,0,0,0,0,0,0,0,0,0,0,0,0,0
P6250296_cropped.jpg,138,Complex,Control,Control,Control,,2,2,6/28/21,18,44,13,10,1,1,2,0,0,0,0,2,0,0,0,14,11,2,0,0,0
P7130654_cropped.jpg,138,Complex,Control,Control,Control,,2,3,7/13/21,33,22,19,11,14,0,3,0,0,0,0,6,0,0,0,21,4,0,0,0,0
P7130689_cropped.jpeg,54,Simple,Simple,Open,Clean,85,1,3,7/13/21,33,39,8,0,31,0,1,0,0,0,0,13,0,0,0,8,0,0,0,0,0
P7130690_cropped.jpg,27,Simple,Simple,Open,Clean,85,1,3,7/13/21,33,31,5,0,39,0,14,0,0,0,0,8,0,0,0,3,0,0,0,0,0
P7130691_cropped.jpg,20,Simple,Simple,Cage,Clean,85,1,3,7/13/21,33,2,1,25,0,49,0,0,10,0,0,0,0,0,0,0,13,0,0,0,0
P7130692_cropped.jpg,30,Simple,Simple,Cage,Clean,85,1,3,7/13/21,33,3,1,13,0,23,0,0,0,0,0,0,0,0,0,2,58,0,0,0,0
P7130695_cropped.jpeg,112,Complex,Complex,Open,Clean,79,1,3,7/13/21,33,17,0,27,35,0,2,0,0,0,0,10,0,0,0,0,8,0,0,0,1
P7130696_cropped.jpg,68,Complex,Complex,Open,Clean,79,1,3,7/13/21,33,32,4,5,22,13,1,0,0,0,0,3,0,0,0,20,0,0,0,0,0
P7130697_cropped.jpg,82,Complex,Complex,Cage,Clean,79,1,3,7/13/21,33,0,0,5,0,62,0,0,0,0,0,0,0,0,0,2,31,0,0,0,0
P7130701_cropped.jpg,105,Complex,Complex,Cage,Clean,79,1,3,7/13/21,33,0,2,6,0,62,0,0,0,0,0,0,0,0,0,2,28,0,0,0,0
P7130703_cropped.jpg,120,Complex,Mix,Open,Clean,28,1,3,7/13/21,33,28,0,25,23,5,4,0,0,0,0,3,0,0,0,12,0,0,0,0,0
P7130704_cropped.jpg,60,Simple,Mix,Open,Clean,28,1,3,7/13/21,33,31,0,0,51,2,1,0,0,0,0,9,0,0,0,6,0,0,0,0,0
P7130705_cropped.jpg,108,Complex,Mix,Cage,Clean,28,1,3,7/13/21,33,8,0,12,4,41,2,0,12,0,0,2,1,0,0,2,15,1,0,0,0
P7130707_cropped.jpg,63,Simple,Mix,Cage,Clean,28,1,3,7/13/21,33,8,0,8,13,23,29,0,0,0,0,0,0,0,0,18,0,1,0,0,0
P7130711_cropped.jpg,57,Simple,Mix,Open,Turbinaria,30,1,3,7/13/21,33,32,1,0,8,1,45,0,0,0,0,5,0,0,0,7,1,0,0,0,0
P7130712_cropped.jpg,101,Complex,Mix,Open,Turbinaria,30,1,3,7/13/21,33,18,4,21,25,10,6,0,0,0,0,7,0,0,0,5,3,1,0,0,0
P7130716_cropped.jpeg,25,Simple,Mix,Cage,Turbinaria,30,1,3,7/13/21,33,1,1,10,0,55,5,0,0,0,0,1,0,0,0,4,9,14,0,0,0
P7130718_cropped.jpg,114,Complex,Mix,Cage,Turbinaria,30,1,3,7/13/21,33,5,3,39,0,26,7,0,0,0,0,2,0,0,0,2,16,0,0,0,0
P7130721_cropped.jpeg,80,Complex,Complex,Open,Turbinaria,84,1,3,7/13/21,33,13,4,17,37,1,11,0,0,0,0,3,0,0,0,14,0,0,0,0,0
P7130724_cropped.jpeg,76,Complex,Complex,Open,Turbinaria,84,1,3,7/13/21,33,28,1,1,19,24,0,0,0,0,0,6,0,0,0,21,0,0,0,0,0
P7130725_cropped.jpg,67,Complex,Complex,Cage,Turbinaria,84,1,3,7/13/21,33,3,3,30,3,46,3,0,0,0,0,5,0,0,0,2,5,0,0,0,0
P7130728_cropped.jpg,122,Complex,Complex,Cage,Turbinaria,84,1,3,7/13/21,33,0,0,20,2,44,5,0,0,0,0,4,0,0,0,2,22,1,0,0,0
P7130731_cropped.jpg,46,Simple,Simple,Open,Turbinaria,29,1,3,7/13/21,33,29,6,0,41,0,13,0,0,0,0,8,0,0,0,3,0,0,0,0,0
P7130732_cropped.jpg,34,Simple,Simple,Open,Turbinaria,29,1,3,7/13/21,33,32,3,0,44,0,5,0,0,0,0,9,0,0,0,7,0,0,0,0,0
P7130733_cropped.jpg,3,Simple,Simple,Cage,Turbinaria,29,1,3,7/13/21,33,0,0,13,0,64,0,0,10,0,0,1,0,0,0,1,11,0,0,0,0
P7130735_cropped.jpg,13,Simple,Simple,Cage,Turbinaria,29,1,3,7/13/21,33,3,0,15,0,47,2,0,12,0,0,1,0,0,0,5,15,0,0,0,0
P7130738_cropped.jpeg,36,Simple,Simple,Open,Clean,40,2,3,7/13/21,33,29,4,1,33,0,10,0,0,0,0,14,0,0,0,9,0,0,0,0,0
P7130740_cropped.jpeg,55,Simple,Simple,Open,Clean,40,2,3,7/13/21,33,42,0,0,33,0,17,0,0,0,0,5,0,0,0,3,0,0,0,0,0
P7130741_cropped.jpg,32,Simple,Simple,Cage,Clean,40,2,3,7/13/21,33,3,1,15,0,8,0,0,61,0,0,1,0,0,0,5,6,0,0,0,0
P7130743_cropped.jpg,14,Simple,Simple,Cage,Clean,40,2,3,7/13/21,33,3,0,24,0,49,0,0,0,0,0,0,0,0,0,22,2,0,0,0,0
P7130746_cropped.jpg,88,Complex,Mix,Open,Turbinaria,27,2,3,7/13/21,33,27,3,30,21,8,2,0,0,0,0,5,0,0,0,4,0,0,0,0,0
P7130747_cropped.jpeg,5,Simple,Mix,Open,Turbinaria,27,2,3,7/13/21,33,53,1,0,19,0,19,0,0,0,0,5,0,0,0,3,0,0,0,0,0
P7130748_cropped.jpg,19,Simple,Mix,Cage,Turbinaria,27,2,3,7/13/21,33,10,7,36,0,36,0,0,0,0,0,0,0,0,0,10,1,0,0,0,0
P7130750_cropped.jpeg,70,Complex,Mix,Cage,Turbinaria,27,2,3,7/13/21,33,1,5,48,1,36,0,0,0,0,0,0,0,0,0,9,0,0,0,0,0
P7130753_cropped.jpg,111,Complex,Complex,Open,Clean,35,2,3,7/13/21,33,23,1,19,13,17,2,0,0,0,0,13,0,0,0,10,2,0,0,0,0
P7130754_cropped.jpg,90,Complex,Complex,Open,Clean,35,2,3,7/13/21,33,20,2,14,23,23,4,0,0,0,0,7,0,0,0,7,0,0,0,0,0
P7130756_cropped.jpeg,84,Complex,Complex,Cage,Clean,35,2,3,7/13/21,33,1,6,31,1,32,0,0,0,0,0,0,0,0,0,8,1,0,20,0,0
P7130758_cropped.jpeg,100,Complex,Complex,Cage,Clean,35,2,3,7/13/21,33,7,3,19,0,56,0,0,0,0,0,0,0,0,0,11,0,0,4,0,0
P7130761_cropped.jpg,119,Complex,Complex,Open,Turbinaria,26,2,3,7/13/21,33,35,7,12,20,19,0,0,0,0,0,3,0,0,0,4,0,0,0,0,0
P7130764_cropped.jpg,65,Complex,Complex,Open,Turbinaria,26,2,3,7/13/21,33,17,1,6,25,21,4,0,0,0,0,5,0,0,0,18,2,1,0,0,0
P7130766_cropped.jpg,117,Complex,Complex,Cage,Turbinaria,26,2,3,7/13/21,33,1,0,1,0,57,0,0,1,0,0,0,0,0,0,0,40,0,0,0,0
P7130768_cropped.jpg,121,Complex,Complex,Cage,Turbinaria,26,2,3,7/13/21,33,1,0,10,0,60,1,0,0,0,0,0,0,0,0,1,27,0,0,0,0
P7130771_cropped.jpg,48,Simple,Simple,Open,Turbinaria,83,2,3,7/13/21,33,25,2,2,30,0,24,0,0,0,0,8,0,0,0,9,0,0,0,0,0
P7130773_cropped.jpg,33,Simple,Simple,Open,Turbinaria,83,2,3,7/13/21,33,24,0,0,27,20,19,0,0,0,0,0,0,0,0,10,0,0,0,0,0
P7130774_cropped.jpg,2,Simple,Simple,Cage,Turbinaria,83,2,3,7/13/21,33,18,1,12,2,19,1,0,0,0,0,1,0,0,0,23,3,20,0,0,0
P7130775_cropped.jpg,22,Simple,Simple,Cage,Turbinaria,83,2,3,7/13/21,33,8,0,16,8,29,1,0,0,0,0,5,0,0,0,19,14,0,0,0,0
P7130778_cropped.jpg,50,Simple,Mix,Open,Clean,45,2,3,7/13/21,33,41,0,0,41,0,11,0,0,0,0,6,0,0,0,1,0,0,0,0,0
P7130779_cropped.jpg,126,Complex,Mix,Open,Clean,45,2,3,7/13/21,33,29,3,15,17,12,0,0,0,0,0,10,0,0,0,11,3,0,0,0,0
P7130780_cropped.jpg,6,Simple,Mix,Cage,Clean,45,2,3,7/13/21,33,18,0,17,3,35,3,0,7,0,0,0,0,0,0,4,12,0,1,0,0
P7130781_cropped.jpg,89,Complex,Mix,Cage,Clean,45,2,3,7/13/21,33,2,0,17,3,40,0,0,0,0,0,0,0,0,0,1,37,0,0,0,0
P8160786_cropped.jpg,110,Complex,Mix,Open,Turbinaria,41,5,4,8/16/21,67,17,3,32,22,1,6,0,0,0,0,9,0,0,0,9,1,0,0,0,0
P8160791_cropped.jpg,64,Simple,Mix,Open,Turbinaria,41,5,4,8/16/21,67,28,4,3,10,12,28,0,0,0,0,6,0,0,0,9,0,0,0,0,0
P8160792_cropped.jpg,12,Simple,Mix,Cage,Turbinaria,41,5,4,8/16/21,67,5,6,41,2,16,7,0,1,0,0,1,0,0,0,7,9,0,5,0,0
P8160794_cropped.jpg,93,Complex,Mix,Cage,Turbinaria,41,5,4,8/16/21,67,6,1,45,0,5,1,0,1,0,0,0,0,0,0,16,8,16,1,0,0
P8160796_cropped.jpg,66,Complex,Mix,Open,Clean,37,5,4,8/16/21,67,30,5,35,7,3,6,0,0,0,0,5,0,0,0,9,0,0,0,0,0
P8160797_cropped.jpg,56,Simple,Mix,Cage,Clean,37,5,4,8/16/21,67,24,2,0,9,0,51,0,0,0,0,12,0,0,0,2,0,0,0,0,0
P8160801_cropped.jpg,69,Complex,Mix,Cage,Clean,37,5,4,8/16/21,67,2,3,72,0,9,0,0,2,0,0,0,0,0,0,10,2,0,0,0,0
P8160803_cropped.jpg,37,Simple,Mix,Open,Clean,37,5,4,8/16/21,67,1,0,53,0,2,0,0,37,0,0,0,0,0,0,7,0,0,0,0,0
P8160806_cropped.jpg,83,Complex,Complex,Open,Clean,32,5,4,8/16/21,67,25,0,15,23,15,6,0,0,0,0,8,0,0,0,6,2,0,0,0,0
P8160809_cropped.jpg,97,Complex,Complex,Cage,Clean,32,5,4,8/16/21,67,1,2,21,1,18,0,0,35,0,0,0,0,0,0,15,6,0,1,0,0
P8160811_cropped.jpg,96,Complex,Complex,Open,Clean,32,5,4,8/16/21,67,22,2,10,19,16,10,0,0,0,0,3,0,0,0,13,5,0,0,0,0
P8160814_cropped.jpeg,104,Complex,Complex,Cage,Clean,32,5,4,8/16/21,67,0,3,52,0,13,1,0,11,0,0,0,0,0,0,15,5,0,0,0,0
P8160816_cropped.jpg,87,Complex,Complex,Open,Turbinaria,42,5,4,8/16/21,67,30,2,1,15,31,3,0,0,0,0,2,0,0,0,16,0,0,0,0,0
P8160818_cropped.jpeg,79,Complex,Complex,Open,Turbinaria,42,5,4,8/16/21,67,13,4,11,15,34,1,0,0,0,0,0,0,0,0,20,2,0,0,0,0
P8160820_cropped.jpg,128,Complex,Complex,Cage,Turbinaria,42,5,4,8/16/21,67,0,0,40,0,44,2,0,0,0,0,0,0,0,0,8,4,2,0,0,0
P8160823_cropped.jpg,103,Complex,Complex,Cage,Turbinaria,42,5,4,8/16/21,67,0,1,34,0,37,0,0,0,0,0,0,0,0,0,3,10,12,3,0,0
P8160825_cropped.jpg,31,Simple,Simple,Open,Clean,31,5,4,8/16/21,67,46,5,0,6,0,22,0,0,0,0,21,0,0,0,0,0,0,0,0,0
P8160826_cropped.jpg,39,Simple,Simple,Open,Clean,31,5,4,8/16/21,67,34,1,0,12,1,36,0,0,0,0,16,0,0,0,0,0,0,0,0,0
P8160828_cropped.jpg,16,Simple,Simple,Cage,Clean,31,5,4,8/16/21,67,1,5,49,3,28,0,0,0,0,0,1,0,0,0,10,3,0,0,0,0
P8160829_cropped.jpg,4,Simple,Simple,Cage,Clean,31,5,4,8/16/21,67,1,0,64,0,9,0,0,6,0,0,0,0,0,0,8,12,0,0,0,0
P8160890_cropped.jpg,138,Complex,Control,Control,Control,,2,4,8/16/21,67,19,14,11,31,6,3,0,0,0,0,0,0,0,0,16,0,0,0,0,0
P9101159_cropped.jpg,138,Complex,Control,Control,Control,,2,5,9/10/21,92,0,0,16,0,9,1,0,3,0,0,0,9,0,0,2,0,60,0,0,0
Initial_139_cropped.jpeg,139,Complex,Control,Control,Control,,4,1,6/10/21,0,100,0,0,0,0,0,0,0,0,0,0,0,0,0,0,0,0,0,0,0
P6250337_cropped.jpg,139,Complex,Control,Control,Control,,4,2,6/28/21,18,38,8,14,0,0,0,0,0,0,0,5,0,0,0,17,18,0,0,0,0
P8160839_cropped.jpg,11,Simple,Simple,Open,Turbinaria,36,5,4,8/16/21,67,13,4,0,15,0,44,0,0,0,0,22,0,2,0,0,0,0,0,0,0
P8160840_cropped.jpeg,29,Simple,Simple,Open,Turbinaria,36,5,4,8/16/21,67,31,2,0,33,0,16,0,0,0,0,16,0,0,0,2,0,0,0,0,0
P8160841_cropped.jpeg,43,Simple,Simple,Cage,Turbinaria,36,5,4,8/16/21,67,10,1,28,5,22,1,0,0,0,0,1,0,0,0,8,17,1,6,0,0
P8160842_cropped.jpg,47,Simple,Simple,Cage,Turbinaria,36,5,4,8/16/21,67,2,2,5,2,33,0,0,0,0,0,0,0,0,0,5,5,45,1,0,0
P8160845_cropped.jpeg,86,Complex,Complex,Open,Turbinaria,39,4,4,8/16/21,67,27,2,8,23,5,8,0,0,0,0,11,0,0,0,16,0,0,0,0,0
P8160847_cropped.jpg,124,Complex,Complex,Open,Turbinaria,39,4,4,8/16/21,67,13,3,24,26,6,5,0,0,0,0,3,0,0,0,19,1,0,0,0,0
P8160848_cropped.jpeg,106,Complex,Complex,Cage,Turbinaria,39,4,4,8/16/21,67,4,4,46,1,18,0,0,0,0,0,0,0,0,0,18,8,0,1,0,0
P8160849_cropped.jpg,71,Complex,Complex,Cage,Turbinaria,39,4,4,8/16/21,67,3,3,73,0,15,0,0,0,0,0,0,0,0,0,5,1,0,0,0,0
P8160851_cropped.jpg,78,Complex,Complex,Open,Clean,34,4,4,8/16/21,67,9,4,13,17,20,10,0,0,0,0,12,0,0,0,15,0,0,0,0,0
P8160852_cropped.jpeg,81,Complex,Complex,Open,Clean,34,4,4,8/16/21,67,10,2,44,12,2,4,0,0,0,0,15,0,0,0,11,0,0,0,0,0
P8160853_cropped.jpg,95,Complex,Complex,Cage,Clean,34,4,4,8/16/21,67,6,0,57,0,28,2,0,0,0,0,0,0,0,0,5,2,0,0,0,0
P8160855_cropped.jpg,72,Complex,Complex,Cage,Clean,34,4,4,8/16/21,67,3,1,26,4,12,2,0,0,0,0,0,0,0,0,10,35,0,7,0,0
P7130612_cropped.jpg,139,Complex,Control,Control,Control,,4,3,7/13/21,33,21,22,17,8,10,2,0,0,0,0,3,0,0,0,17,0,0,0,0,0
P8160862_cropped.jpg,139,Complex,Control,Control,Control,,4,4,8/16/21,67,23,12,7,17,7,4,0,0,0,0,8,0,0,0,22,0,0,0,0,0
P9101205_cropped.jpeg,139,Complex,Control,Control,Control,,4,5,9/10/21,92,23,5,6,8,19,1,0,0,0,0,2,0,0,0,2,0,0,34,0,0
Initial_140_cropped.jpeg,140,Complex,Control,Control,Control,,5,1,6/10/21,0,100,0,0,0,0,0,0,0,0,0,0,0,0,0,0,0,0,0,0,0
P8160864_cropped.jpg,1,Simple,Simple,Open,Clean,50,4,4,8/16/21,67,41,2,0,9,0,26,0,0,0,0,17,0,0,0,5,0,0,0,0,0
P8160865_cropped.jpg,8,Simple,Simple,Open,Clean,50,4,4,8/16/21,67,39,3,0,7,0,21,0,0,0,0,28,0,0,0,2,0,0,0,0,0
P8160866_cropped.jpg,7,Simple,Simple,Cage,Clean,50,4,4,8/16/21,67,3,0,23,1,19,0,0,0,0,0,0,0,0,0,11,3,40,0,0,0
P8160867_cropped.jpg,42,Simple,Simple,Cage,Clean,50,4,4,8/16/21,67,3,1,31,1,35,3,0,0,0,0,0,0,0,0,7,1,18,0,0,0
P8160869_cropped.jpg,17,Simple,Simple,Open,Turbinaria,44,4,4,8/16/21,67,38,4,0,24,0,13,0,0,0,0,20,0,0,0,1,0,0,0,0,0
P8160870_cropped.jpg,9,Simple,Simple,Open,Turbinaria,44,4,4,8/16/21,67,9,7,0,6,0,64,0,0,0,0,11,0,0,0,3,0,0,0,0,0
P8160871_cropped.jpg,15,Simple,Simple,Cage,Turbinaria,44,4,4,8/16/21,67,7,1,13,2,21,0,0,0,0,0,0,0,0,0,2,1,47,6,0,0
P8160872_cropped.jpeg,45,Simple,Simple,Cage,Turbinaria,44,4,4,8/16/21,67,1,1,38,0,36,0,0,6,0,0,0,0,0,0,6,3,9,0,0,0
P8160874_cropped.jpeg,49,Simple,Mix,Open,Clean,49,4,4,8/16/21,67,32,1,0,12,0,41,0,0,0,0,14,0,0,0,0,0,0,0,0,0
P8160875_cropped.jpeg,125,Complex,Mix,Open,Clean,49,4,4,8/16/21,67,27,1,1,30,17,1,0,0,0,0,7,0,0,0,16,0,0,0,0,0
P8160876_cropped.jpg,99,Complex,Mix,Cage,Clean,49,4,4,8/16/21,67,1,0,33,1,44,0,0,0,0,0,0,0,0,0,14,3,2,2,0,0
P8160877_cropped.jpeg,59,Simple,Mix,Cage,Clean,49,4,4,8/16/21,67,2,4,35,2,41,0,0,0,0,0,1,0,0,0,10,0,0,5,0,0
P8160880_cropped.jpg,98,Complex,Mix,Open,Turbinaria,38,4,4,8/16/21,67,22,2,17,31,8,2,0,0,0,0,7,0,0,0,8,2,0,1,0,0
P8160881_cropped.jpeg,62,Simple,Mix,Open,Turbinaria,38,4,4,8/16/21,67,24,1,0,22,0,35,0,0,0,0,12,0,0,0,6,0,0,0,0,0
P8160882_cropped.jpg,109,Complex,Mix,Cage,Turbinaria,38,4,4,8/16/21,67,0,0,57,0,35,0,0,0,0,0,0,0,0,0,4,0,4,0,0,0
P8160883_cropped.jpg,44,Simple,Mix,Cage,Turbinaria,38,4,4,8/16/21,67,0,0,0,0,0,0,0,0,0,0,0,0,0,0,0,0,100,0,0,0
P8160885_cropped.jpg,24,Simple,Mix,Open,Turbinaria,80,3,4,8/16/21,67,31,9,0,35,3,12,0,0,0,0,7,0,0,0,3,0,0,0,0,0
P8160886_cropped.jpg,53,Simple,Mix,Cage,Turbinaria,80,3,4,8/16/21,67,1,0,22,0,13,1,0,1,0,0,0,0,0,0,3,1,58,0,0,0
P8160888_cropped.jpg,102,Complex,Mix,Open,Turbinaria,80,3,4,8/16/21,67,12,1,54,3,8,6,0,0,0,0,1,0,0,0,10,5,0,0,0,0
P8160889_cropped.jpeg,116,Complex,Mix,Cage,Turbinaria,80,3,4,8/16/21,67,5,2,64,0,20,0,0,1,0,0,1,0,0,0,4,3,0,0,0,0
P6250411_cropped.jpg,140,Complex,Control,Control,Control,,5,2,6/28/21,18,42,8,0,11,10,1,0,0,0,0,2,0,0,0,19,7,0,0,0,0
P7130562_cropped.jpg,140,Complex,Control,Control,Control,,5,3,7/13/21,33,7,2,7,16,42,0,0,0,0,0,0,0,0,0,24,2,0,0,0,0
P8160832_cropped.jpg,140,Complex,Control,Control,Control,,5,4,8/16/21,67,27,7,7,21,20,3,0,0,0,0,3,0,0,0,12,0,0,0,0,0
P9101273_cropped.jpg,140,Complex,Control,Control,Control,,5,5,9/10/21,92,28,5,7,18,27,1,0,0,0,0,4,0,1,0,7,0,0,2,0,0
P8160895_cropped.jpeg,61,Simple,Simple,Open,Clean,48,3,4,8/16/21,67,53,1,0,18,0,11,0,0,0,0,17,0,0,0,0,0,0,0,0,0
P8160896_cropped.jpg,35,Simple,Simple,Open,Clean,48,3,4,8/16/21,67,46,6,0,11,0,30,0,0,0,0,7,0,0,0,0,0,0,0,0,0
P8160897_cropped.jpg,40,Simple,Simple,Cage,Clean,48,3,4,8/16/21,67,5,1,5,5,10,8,0,0,0,0,0,0,0,0,3,1,62,0,0,0
P8160898_cropped.jpeg,41,Simple,Simple,Cage,Clean,48,3,4,8/16/21,67,7,2,0,1,4,0,0,0,0,0,0,0,0,0,1,1,84,0,0,0
P8160900_cropped.jpg,52,Simple,Simple,Open,Turbinaria,43,3,4,8/16/21,67,36,9,0,27,3,4,0,0,0,0,13,0,0,0,8,0,0,0,0,0
P8160901_cropped.jpeg,51,Simple,Simple,Open,Turbinaria,43,3,4,8/16/21,67,54,2,0,10,2,10,0,0,0,0,16,0,1,0,5,0,0,0,0,0
P8160902_cropped.jpg,58,Simple,Simple,Cage,Turbinaria,43,3,4,8/16/21,67,0,6,18,0,50,0,0,3,0,0,0,0,0,0,7,15,0,1,0,0
P8160903_cropped.jpg,10,Simple,Simple,Cage,Turbinaria,43,3,4,8/16/21,67,20,7,12,0,34,0,0,3,0,0,0,0,0,0,7,6,11,0,0,0
P8160906_cropped.jpg,92,Complex,Complex,Open,Turbinaria,78,3,4,8/16/21,67,18,3,35,22,4,2,0,0,0,0,3,0,0,0,12,1,0,0,0,0
P8160908_cropped.jpeg,74,Complex,Complex,Open,Turbinaria,78,3,4,8/16/21,67,7,5,18,29,2,13,0,0,0,0,6,0,0,0,18,2,0,0,0,0
P8160910_cropped.jpg,75,Complex,Complex,Cage,Turbinaria,78,3,4,8/16/21,67,0,1,5,0,11,0,0,0,0,0,0,0,0,0,2,2,79,0,0,0
P8160912_cropped.jpeg,94,Complex,Complex,Cage,Turbinaria,78,3,4,8/16/21,67,16,7,50,5,5,11,0,0,0,0,1,0,1,0,4,0,0,0,0,0
P8160914_cropped.jpg,38,Simple,Mix,Open,Clean,46,3,4,8/16/21,67,41,5,0,9,0,30,0,0,0,0,15,0,0,0,0,0,0,0,0,0
P8160915_cropped.jpeg,123,Complex,Mix,Open,Clean,46,3,4,8/16/21,67,32,4,29,6,3,2,0,0,0,0,12,0,0,0,8,4,0,0,0,0
P8160916_cropped.jpg,18,Simple,Mix,Cage,Clean,46,3,4,8/16/21,67,1,0,35,1,2,0,0,24,0,0,0,0,0,0,9,5,23,0,0,0
P8160917_cropped.jpg,85,Complex,Mix,Cage,Clean,46,3,4,8/16/21,67,1,2,21,7,10,14,0,4,0,0,0,0,0,0,3,3,35,0,0,0
P8160920_cropped.jpeg,113,Complex,Complex,Cage,Clean,33,3,4,8/16/21,67,22,5,1,35,7,8,0,0,0,0,10,0,0,0,12,0,0,0,0,0
P8160921_cropped.jpg,107,Complex,Complex,Open,Clean,33,3,4,8/16/21,67,22,1,25,21,3,6,0,0,0,0,10,0,0,0,10,2,0,0,0,0
P8160923_cropped.jpg,77,Complex,Complex,Cage,Clean,33,3,4,8/16/21,67,0,0,0,0,0,0,0,0,0,0,0,0,0,0,1,0,99,0,0,0
P8160925_cropped.jpeg,115,Complex,Complex,Open,Clean,33,3,4,8/16/21,67,6,0,22,0,3,12,0,4,0,0,0,0,0,0,4,9,39,1,0,0
P8160928_cropped.jpg,68,Complex,Complex,Open,Clean,79,1,4,8/16/21,67,23,0,24,9,0,8,0,0,0,0,5,0,0,0,28,3,0,0,0,0
P8160929_cropped.jpg,112,Complex,Complex,Open,Clean,79,1,4,8/16/21,67,36,2,22,10,7,1,0,0,0,0,6,0,0,0,13,2,1,0,0,0
P8160931_cropped.jpg,105,Complex,Complex,Cage,Clean,79,1,4,8/16/21,67,0,0,68,0,1,2,0,25,0,0,0,0,0,0,2,0,0,2,0,0
P8160934_cropped.jpeg,82,Complex,Complex,Cage,Clean,79,1,4,8/16/21,67,2,0,66,0,0,1,0,22,0,0,0,0,0,0,7,2,0,0,0,0
P8160936_cropped.jpg,120,Complex,Mix,Open,Clean,28,1,4,8/16/21,67,15,5,10,33,15,2,0,0,0,0,5,0,0,0,10,0,0,5,0,0
P8160937_cropped.jpeg,60,Simple,Mix,Open,Clean,28,1,4,8/16/21,67,43,3,0,13,0,18,0,0,0,0,23,0,0,0,0,0,0,0,0,0
P8160938_cropped.jpeg,108,Complex,Mix,Cage,Clean,28,1,4,8/16/21,67,0,0,49,1,14,0,0,4,0,0,0,0,0,1,11,9,5,6,0,0
P8160940_cropped.jpg,63,Simple,Mix,Cage,Clean,28,1,4,8/16/21,67,1,1,52,0,17,3,0,4,0,0,0,0,0,0,15,1,6,0,0,0
P8160942_cropped.jpeg,57,Simple,Mix,Open,Turbinaria,30,1,4,8/16/21,67,43,1,0,28,0,17,0,0,0,0,9,0,0,0,2,0,0,0,0,0
P8160943_cropped.jpg,101,Complex,Mix,Open,Turbinaria,30,1,4,8/16/21,67,8,5,18,22,30,6,0,0,0,0,1,0,0,0,10,0,0,0,0,0
P8160945_cropped.jpg,114,Complex,Mix,Cage,Turbinaria,30,1,4,8/16/21,67,0,1,21,0,6,1,0,0,0,0,0,0,0,0,8,1,61,1,0,0
P8160946_cropped.jpg,25,Simple,Mix,Cage,Turbinaria,30,1,4,8/16/21,67,1,3,5,0,1,5,0,0,0,0,0,0,0,0,0,2,83,0,0,0
P8160948_cropped.jpg,54,Simple,Simple,Open,Clean,85,1,4,8/16/21,67,55,3,0,27,0,8,0,0,0,0,7,0,0,0,0,0,0,0,0,0
P8160949_cropped.jpeg,30,Simple,Simple,Cage,Clean,85,1,4,8/16/21,67,1,0,25,0,0,0,0,1,0,0,0,0,0,0,0,0,54,19,0,0
P8160950_cropped.jpg,27,Simple,Simple,Open,Clean,85,1,4,8/16/21,67,48,3,0,15,0,21,0,0,0,0,11,0,0,0,2,0,0,0,0,0
P8160951_cropped.jpg,20,Simple,Simple,Cage,Clean,85,1,4,8/16/21,67,5,4,62,0,8,0,0,2,0,0,0,0,0,0,12,1,0,6,0,0
P8160953_cropped.jpeg,80,Complex,Complex,Open,Turbinaria,84,1,4,8/16/21,67,13,2,30,32,2,9,0,0,0,0,6,0,0,0,6,0,0,0,0,0
P8160955_cropped.jpeg,76,Complex,Complex,Open,Turbinaria,84,1,4,8/16/21,67,25,3,10,21,18,0,0,0,0,0,11,0,0,0,8,4,0,0,0,0
P8160956_cropped.jpeg,67,Complex,Complex,Cage,Turbinaria,84,1,4,8/16/21,67,3,0,57,0,5,3,0,0,0,0,0,0,1,0,17,5,9,0,0,0
P8160958_cropped.jpg,122,Complex,Complex,Cage,Turbinaria,84,1,4,8/16/21,67,1,0,22,4,0,4,0,2,0,0,0,0,0,0,1,2,63,1,0,0
P8160960_cropped.jpeg,34,Simple,Simple,Open,Turbinaria,29,1,4,8/16/21,67,41,1,0,29,0,10,0,0,0,0,14,0,0,0,5,0,0,0,0,0
P8160961_cropped.jpeg,46,Simple,Simple,Open,Turbinaria,29,1,4,8/16/21,67,34,0,0,28,0,26,0,0,0,0,10,0,0,0,2,0,0,0,0,0
P8160962_cropped.jpg,3,Simple,Simple,Cage,Turbinaria,29,1,4,8/16/21,67,2,0,41,0,2,0,0,51,0,0,0,0,0,0,3,1,0,0,0,0
P8160963_cropped.jpeg,13,Simple,Simple,Cage,Turbinaria,29,1,4,8/16/21,67,2,0,44,0,4,2,0,43,0,0,0,0,0,0,0,2,3,0,0,0
Initial_141_cropped.jpeg,141,Complex,Control,Control,Control,,4,1,6/10/21,0,100,0,0,0,0,0,0,0,0,0,0,0,0,0,0,0,0,0,0,0
P6250353_cropped.jpg,141,Complex,Control,Control,Control,,4,2,6/28/21,18,28,14,3,0,32,3,0,0,0,0,0,0,0,0,5,15,0,0,0,0
P7130602_cropped.jpeg,141,Complex,Control,Control,Control,,4,3,7/13/21,33,22,11,0,4,39,2,0,0,0,0,0,0,0,0,22,0,0,0,0,0
P8160860_cropped.jpg,141,Complex,Control,Control,Control,,4,4,8/16/21,67,31,10,6,2,32,1,0,0,0,0,6,0,0,1,6,1,0,4,0,0
P8160972_cropped.jpg,90,Complex,Complex,Open,Clean,35,2,4,8/16/21,67,32,2,7,9,23,2,0,0,0,0,11,0,0,0,13,1,0,0,0,0
P8160973_cropped.jpeg,111,Complex,Complex,Open,Clean,35,2,4,8/16/21,67,33,1,14,10,22,3,0,0,0,0,5,0,0,0,11,1,0,0,0,0
P8160974_cropped.jpeg,84,Complex,Complex,Cage,Clean,35,2,4,8/16/21,67,2,0,21,1,6,1,0,0,0,0,0,0,0,0,5,2,61,1,0,0
P8160975_cropped.jpeg,100,Complex,Complex,Cage,Clean,35,2,4,8/16/21,67,2,1,44,1,22,2,0,0,0,0,1,0,0,0,1,9,0,17,0,0
P8160977_cropped.jpg,119,Complex,Complex,Open,Turbinaria,26,2,4,8/16/21,67,33,1,15,18,16,4,0,0,0,0,6,0,0,0,3,4,0,0,0,0
P8160980_cropped.jpg,65,Complex,Complex,Open,Turbinaria,26,2,4,8/16/21,67,10,4,26,17,8,20,0,0,0,0,2,0,0,0,12,1,0,0,0,0
P8160981_cropped.jpg,121,Complex,Complex,Cage,Turbinaria,26,2,4,8/16/21,67,1,0,57,2,23,3,0,0,0,0,0,0,0,0,6,6,0,2,0,0
P8160982_cropped.jpeg,117,Complex,Complex,Cage,Turbinaria,26,2,4,8/16/21,67,7,2,46,1,7,3,0,0,0,0,1,0,0,0,9,24,0,0,0,0
P8160984_cropped.jpg,48,Simple,Simple,Open,Turbinaria,83,2,4,8/16/21,67,45,2,0,21,0,22,0,0,0,0,10,0,0,0,0,0,0,0,0,0
P8160985_cropped.jpg,33,Simple,Simple,Open,Turbinaria,83,2,4,8/16/21,67,35,4,1,36,0,23,0,0,0,0,1,0,0,0,0,0,0,0,0,0
P8160986_redo_cropped.jpeg,22,Simple,Simple,Cage,Turbinaria,83,2,4,8/16/21,67,0,0,0,0,0,0,0,0,0,0,0,0,0,0,0,1,98,1,0,0
P8160987_cropped.jpg,2,Simple,Simple,Cage,Turbinaria,83,2,4,8/16/21,67,13,3,42,7,11,7,0,0,0,0,2,0,0,0,7,6,0,2,0,0
P8160989_cropped.jpeg,50,Simple,Mix,Open,Clean,45,2,4,8/16/21,67,40,1,0,28,0,20,0,0,0,0,9,0,0,0,2,0,0,0,0,0
P8160990_cropped.jpg,126,Complex,Mix,Open,Clean,45,2,4,8/16/21,67,21,2,9,10,23,9,0,0,0,0,20,0,0,0,6,0,0,0,0,0
P8160991_cropped.jpg,89,Complex,Mix,Cage,Clean,45,2,4,8/16/21,67,2,0,30,3,25,0,0,0,0,0,1,0,0,0,4,4,0,31,0,0
P8160992_cropped.jpg,6,Simple,Mix,Cage,Clean,45,2,4,8/16/21,67,9,1,5,5,24,6,0,0,1,0,1,0,0,0,4,1,42,1,0,0
P8160994_cropped.jpg,5,Simple,Mix,Open,Turbinaria,27,2,4,8/16/21,67,41,3,0,20,0,21,0,0,0,0,15,0,0,0,0,0,0,0,0,0
P8160995_cropped.jpeg,88,Complex,Mix,Open,Turbinaria,27,2,4,8/16/21,67,19,0,23,41,9,1,0,0,0,0,4,0,0,0,2,0,0,1,0,0
P8160997_cropped.jpg,70,Complex,Mix,Cage,Turbinaria,27,2,4,8/16/21,67,2,0,68,0,16,0,0,0,0,0,0,0,0,0,13,0,0,1,0,0
P8160998_cropped.jpg,19,Simple,Mix,Cage,Turbinaria,27,2,4,8/16/21,67,2,0,41,0,16,0,0,0,0,0,0,0,0,0,17,0,0,24,0,0
P8161000_cropped.jpeg,36,Simple,Simple,Open,Clean,40,2,4,8/16/21,67,45,1,0,19,0,19,0,0,0,0,15,0,0,0,1,0,0,0,0,0
P8161001_cropped.jpg,55,Simple,Simple,Open,Clean,40,2,4,8/16/21,67,41,2,0,32,0,17,0,0,0,0,8,0,0,0,0,0,0,0,0,0
P8161002_cropped.jpg,14,Simple,Simple,Cage,Clean,40,2,4,8/16/21,67,24,5,23,1,34,0,0,0,0,0,0,0,0,0,11,1,0,1,0,0
P8161003_cropped.jpg,32,Simple,Simple,Cage,Clean,40,2,4,8/16/21,67,9,0,42,4,12,0,0,15,0,0,0,0,0,0,14,2,0,2,0,0
P9101014_cropped.jpg,90,Complex,Complex,Open,Clean,35,2,5,9/10/21,92,39,1,1,15,30,0,0,0,0,0,13,0,0,0,1,0,0,0,0,0
P9101015_cropped.jpg,111,Complex,Complex,Open,Clean,35,2,5,9/10/21,92,44,3,17,14,9,0,0,0,0,0,5,0,0,0,8,0,0,0,0,0
P9101017_cropped.jpg,100,Complex,Complex,Cage,Clean,35,2,5,9/10/21,92,2,0,12,1,8,0,0,0,0,0,0,0,0,0,3,0,0,74,0,0
P9101018_cropped.jpg,84,Complex,Complex,Cage,Clean,35,2,5,9/10/21,92,0,0,20,0,0,0,0,0,0,0,0,0,0,0,1,0,79,0,0,0
P9101020_cropped.jpg,119,Complex,Complex,Open,Turbinaria,26,2,5,9/10/21,92,31,4,11,12,27,5,0,0,0,0,7,0,0,0,1,2,0,0,0,0
P9101021_cropped.jpg,65,Complex,Complex,Open,Turbinaria,26,2,5,9/10/21,92,12,1,9,25,15,15,0,0,0,0,11,0,0,0,7,0,0,5,0,0
P9101025_cropped.jpg,117,Complex,Complex,Cage,Turbinaria,26,2,5,9/10/21,92,1,0,23,0,13,1,0,34,0,0,1,0,0,0,3,23,0,1,0,0
P9101026_cropped.jpg,121,Complex,Complex,Cage,Turbinaria,26,2,5,9/10/21,92,1,0,52,2,16,0,0,2,0,0,0,0,0,0,1,3,1,22,0,0
P9101028_cropped.jpg,48,Simple,Simple,Open,Turbinaria,83,2,5,9/10/21,92,69,0,0,18,0,5,0,0,0,0,8,0,0,0,0,0,0,0,0,0
P9101029_cropped.jpg,33,Simple,Simple,Open,Turbinaria,83,2,5,9/10/21,92,50,0,0,22,1,22,0,0,0,0,5,0,0,0,0,0,0,0,0,0
P9101030_cropped.jpg,22,Simple,Simple,Cage,Turbinaria,83,2,5,9/10/21,92,0,0,0,0,0,0,0,0,0,0,0,0,0,0,0,0,74,26,0,0
P9101031_cropped.jpeg,2,Simple,Simple,Cage,Turbinaria,83,2,5,9/10/21,92,0,0,52,0,5,0,0,0,0,0,0,0,0,0,4,3,28,8,0,0
P9101034_cropped.jpg,50,Simple,Mix,Open,Clean,45,2,5,9/10/21,92,42,0,0,9,1,30,0,0,0,0,18,0,0,0,0,0,0,0,0,0
P9101036_cropped.jpg,126,Complex,Mix,Open,Clean,45,2,5,9/10/21,92,9,0,6,11,37,5,0,0,0,0,26,0,0,0,4,0,0,2,0,0
P9101037_cropped.jpg,6,Simple,Mix,Cage,Clean,45,2,5,9/10/21,92,3,0,26,0,4,0,0,0,0,0,1,0,0,0,1,0,65,0,0,0
P9101038_cropped.jpg,89,Complex,Mix,Cage,Clean,45,2,5,9/10/21,92,0,1,22,1,36,1,0,0,0,0,0,0,0,0,3,0,0,36,0,0
P9101040_cropped.jpg,5,Simple,Mix,Open,Turbinaria,27,2,5,9/10/21,92,54,3,0,10,0,17,0,0,0,0,16,0,0,0,0,0,0,0,0,0
P9101041_cropped.jpg,88,Complex,Mix,Open,Turbinaria,27,2,5,9/10/21,92,22,1,16,25,16,3,0,0,0,0,9,0,0,0,8,0,0,0,0,0
P9101042_cropped.jpeg,70,Complex,Mix,Cage,Turbinaria,27,2,5,9/10/21,92,1,0,67,0,17,0,0,0,0,0,1,0,0,0,4,4,0,6,0,0
P9101044_cropped.jpeg,19,Simple,Mix,Cage,Turbinaria,27,2,5,9/10/21,92,9,5,16,10,31,2,0,0,0,0,0,0,0,0,25,0,0,2,0,0
P9101045_cropped.jpg,36,Simple,Simple,Open,Clean,40,2,5,9/10/21,92,41,6,0,7,0,22,0,0,0,0,24,0,0,0,0,0,0,0,0,0
P9101046_cropped.jpg,55,Simple,Simple,Open,Clean,40,2,5,9/10/21,92,41,1,0,8,0,29,0,0,0,0,21,0,0,0,0,0,0,0,0,0
P9101047_cropped.jpg,14,Simple,Simple,Cage,Clean,40,2,5,9/10/21,92,1,0,21,0,1,38,0,0,0,0,0,0,0,0,27,6,4,2,0,0
P9101048_cropped.jpg,32,Simple,Simple,Cage,Clean,40,2,5,9/10/21,92,2,0,30,2,16,2,0,22,0,0,1,0,0,0,15,5,2,3,0,0
P9101051_cropped.jpg,34,Simple,Simple,Open,Turbinaria,29,1,5,9/10/21,92,47,0,1,15,0,6,0,0,0,0,30,0,0,0,1,0,0,0,0,0
P9101052_cropped.jpg,46,Simple,Simple,Open,Turbinaria,29,1,5,9/10/21,92,50,1,0,10,0,15,0,0,0,0,24,0,0,0,0,0,0,0,0,0
P9101053_cropped.jpg,3,Simple,Simple,Cage,Turbinaria,29,1,5,9/10/21,92,1,0,34,1,7,15,0,21,0,0,0,0,0,0,1,7,0,13,0,0
P9101054_cropped.jpg,13,Simple,Simple,Cage,Turbinaria,29,1,5,9/10/21,92,0,16,34,1,34,4,0,1,0,0,0,0,0,0,4,1,5,0,0,0
P9101057_cropped.jpg,76,Complex,Complex,Open,Turbinaria,84,1,5,9/10/21,92,37,2,6,20,20,0,0,0,0,0,11,0,0,0,4,0,0,0,0,0
P9101058_cropped.jpeg,80,Complex,Complex,Open,Turbinaria,84,1,5,9/10/21,92,11,4,14,34,10,11,0,0,0,0,13,0,0,0,1,2,0,0,0,0
P9101060_cropped.jpg,122,Complex,Complex,Cage,Turbinaria,84,1,5,9/10/21,92,3,0,21,7,29,1,0,0,0,0,1,0,0,0,6,2,14,16,0,0
P9101061_cropped.jpg,67,Complex,Complex,Cage,Turbinaria,84,1,5,9/10/21,92,1,0,4,1,25,4,0,0,0,0,0,0,0,0,1,3,61,0,0,0
P9101063_cropped.jpg,60,Simple,Mix,Open,Clean,28,1,5,9/10/21,92,57,2,0,3,0,14,0,0,0,0,24,0,0,0,0,0,0,0,0,0
P9101064_cropped.jpeg,120,Complex,Mix,Open,Clean,28,1,5,9/10/21,92,37,1,10,10,26,2,0,0,0,0,10,0,0,0,3,1,0,0,0,0
P9101066_cropped.jpg,108,Complex,Mix,Cage,Clean,28,1,5,9/10/21,92,0,0,30,0,30,0,0,3,0,0,0,0,0,0,1,2,26,6,2,0
P9101067_cropped.jpg,63,Simple,Mix,Cage,Clean,28,1,5,9/10/21,92,5,0,15,0,12,0,0,0,0,0,0,0,0,0,0,1,67,0,0,0
P9101070_cropped.jpeg,57,Simple,Mix,Open,Turbinaria,30,1,5,9/10/21,92,31,0,0,11,0,14,0,0,0,0,43,0,0,0,1,0,0,0,0,0
P9101071_cropped.jpg,101,Complex,Mix,Open,Turbinaria,30,1,5,9/10/21,92,23,0,25,20,23,0,0,0,0,0,6,0,0,0,3,0,0,0,0,0
P9101074_cropped.jpg,114,Complex,Mix,Cage,Turbinaria,30,1,5,9/10/21,92,0,0,16,0,0,10,0,0,0,0,0,0,0,0,0,0,72,2,0,0
P9101075_cropped.jpeg,25,Simple,Mix,Cage,Turbinaria,30,1,5,9/10/21,92,0,0,2,0,42,0,0,3,0,0,0,0,0,0,0,46,6,1,0,0
P9101077_cropped.jpeg,112,Complex,Complex,Open,Clean,79,1,5,9/10/21,92,30,0,22,3,28,0,0,0,0,0,3,0,0,0,12,2,0,0,0,0
P9101078_cropped.jpg,68,Complex,Complex,Open,Clean,79,1,5,9/10/21,92,29,4,33,9,2,3,0,0,0,0,10,0,0,0,10,0,0,0,0,0
P9101079_cropped.jpg,82,Complex,Complex,Cage,Clean,79,1,5,9/10/21,92,4,0,32,0,32,0,0,6,0,0,0,0,0,0,8,9,1,8,0,0
P9101085_cropped.jpg,105,Complex,Complex,Cage,Clean,79,1,5,9/10/21,92,36,0,45,0,9,1,0,3,0,0,0,0,0,0,0,3,3,0,0,0
P9101089_cropped.jpg,27,Simple,Simple,Open,Clean,85,1,5,9/10/21,92,65,4,0,12,0,9,0,0,0,0,10,0,0,0,0,0,0,0,0,0
P9101090_cropped.jpeg,54,Simple,Simple,Open,Clean,85,1,5,9/10/21,92,46,5,0,6,0,32,0,0,0,0,11,0,0,0,0,0,0,0,0,0
P9101091_cropped.jpg,30,Simple,Simple,Cage,Clean,85,1,5,9/10/21,92,34,3,4,4,33,10,0,0,0,0,0,0,0,0,4,8,0,0,0,0
P9101092_cropped.jpg,20,Simple,Simple,Cage,Clean,85,1,5,9/10/21,92,3,0,56,0,14,1,0,0,0,0,0,1,0,0,9,7,9,0,0,0
P9101203_cropped.jpeg,141,Complex,Control,Control,Control,,4,5,9/10/21,92,35,17,0,3,0,45,0,0,0,0,0,0,0,0,0,0,0,0,0,0
Initial_142_cropped.jpeg,142,Complex,Control,Control,Control,,2,1,6/10/21,0,100,0,0,0,0,0,0,0,0,0,0,0,0,0,0,0,0,0,0,0
P6250286_cropped.jpg,142,Complex,Control,Control,Control,,2,2,6/28/21,18,45,19,9,3,1,1,0,0,0,0,2,0,0,0,15,5,0,0,0,0
P7130656_cropped.jpeg,142,Complex,Control,Control,Control,,2,3,7/13/21,33,15,22,8,19,1,6,0,0,0,0,6,0,0,0,23,0,0,0,0,0
P9101103_cropped.jpeg,38,Simple,Mix,Open,Clean,46,3,5,9/10/21,92,30,1,0,14,0,14,0,0,0,0,37,0,0,0,4,0,0,0,0,0
P9101104_cropped.jpeg,123,Complex,Mix,Open,Clean,46,3,5,9/10/21,92,22,5,21,4,8,12,0,0,0,0,20,0,0,0,6,0,0,0,2,0
P9101108_cropped.jpg,18,Simple,Mix,Cage,Clean,46,3,5,9/10/21,92,4,2,45,0,38,0,0,4,0,0,0,0,0,0,1,1,2,2,1,0
P9101110_cropped.jpeg,85,Complex,Mix,Cage,Clean,46,3,5,9/10/21,92,1,2,37,1,11,0,0,5,0,0,0,0,0,0,0,41,0,2,0,0
P9101114_cropped.jpg,115,Complex,Complex,Open,Clean,33,3,5,9/10/21,92,26,1,4,9,27,13,0,0,0,0,17,0,0,0,3,0,0,0,0,0
P9101118_cropped.jpg,107,Complex,Complex,Open,Clean,33,3,5,9/10/21,92,35,3,8,10,24,4,0,0,0,0,15,0,0,0,1,0,0,0,0,0
P9101120_cropped.jpg,77,Complex,Complex,Cage,Clean,33,3,5,9/10/21,92,0,3,33,0,54,1,0,4,0,0,0,0,0,0,0,5,0,0,0,0
P9101122_cropped.jpg,113,Complex,Complex,Cage,Clean,33,3,5,9/10/21,92,2,0,44,0,32,2,0,12,0,0,0,0,0,0,3,4,1,0,0,0
P9101127_cropped.jpg,92,Complex,Complex,Open,Turbinaria,78,3,5,9/10/21,92,34,3,20,17,4,0,0,0,0,2,6,0,0,0,14,0,0,0,0,0
P9101128_cropped.jpeg,74,Complex,Complex,Open,Turbinaria,78,3,5,9/10/21,92,19,2,29,14,0,7,0,0,0,0,9,0,0,0,20,0,0,0,0,0
P9101130_cropped.jpg,75,Complex,Complex,Cage,Turbinaria,78,3,5,9/10/21,92,1,1,51,0,15,4,0,0,0,0,0,0,0,0,8,1,18,0,1,0
P9101132_cropped.jpeg,94,Complex,Complex,Cage,Turbinaria,78,3,5,9/10/21,92,0,2,49,0,9,19,0,3,0,0,0,0,0,0,7,0,11,0,0,0
P9101133_cropped.jpg,35,Simple,Simple,Open,Clean,48,3,5,9/10/21,92,0,5,44,0,13,2,0,19,0,0,0,3,0,0,10,0,4,0,0,0
P9101137_cropped.jpeg,61,Simple,Simple,Open,Clean,48,3,5,9/10/21,92,36,5,0,8,0,38,0,0,0,0,13,0,0,0,0,0,0,0,0,0
P9101139_cropped.jpg,40,Simple,Simple,Cage,Clean,48,3,5,9/10/21,92,23,4,0,3,0,58,0,0,0,0,12,0,0,0,0,0,0,0,0,0
P9101141_cropped.jpg,41,Simple,Simple,Cage,Clean,48,3,5,9/10/21,92,2,2,8,0,50,7,0,2,0,0,0,0,0,0,24,0,0,4,1,0
P9101142_cropped.jpeg,52,Simple,Simple,Open,Turbinaria,43,3,5,9/10/21,92,0,0,3,0,0,0,0,0,0,0,0,0,0,0,0,1,95,1,0,0
P9101144_cropped.jpg,51,Simple,Simple,Open,Turbinaria,43,3,5,9/10/21,92,58,3,1,16,1,12,0,0,0,0,8,0,0,0,1,0,0,0,0,0
P9101145_cropped.jpeg,58,Simple,Simple,Cage,Turbinaria,43,3,5,9/10/21,92,34,6,0,4,0,31,0,0,0,1,24,0,0,0,0,0,0,0,0,0
P9101147_cropped.jpg,10,Simple,Simple,Cage,Turbinaria,43,3,5,9/10/21,92,0,0,24,0,13,0,0,15,0,0,0,0,0,0,0,0,2,46,0,0
P9101150_cropped.jpg,24,Simple,Mix,Open,Turbinaria,80,3,5,9/10/21,92,4,0,27,2,14,8,0,1,0,0,0,0,0,0,12,4,23,5,0,0
P9101153_cropped.jpeg,102,Complex,Mix,Open,Turbinaria,80,3,5,9/10/21,92,43,2,0,10,0,24,0,0,0,0,20,0,0,0,1,0,0,0,0,0
P9101156_cropped.jpeg,53,Simple,Mix,Cage,Turbinaria,80,3,5,9/10/21,92,22,2,31,10,13,7,0,0,0,0,3,0,0,0,11,0,0,1,0,0
P9101158_cropped.jpg,116,Complex,Mix,Cage,Turbinaria,80,3,5,9/10/21,92,0,0,6,0,1,1,0,0,0,0,0,0,0,0,3,1,86,2,0,0
P8160892_cropped.jpeg,142,Complex,Control,Control,Control,,2,4,8/16/21,67,12,14,19,28,10,4,0,0,0,0,4,0,0,0,8,0,0,1,0,0
P9101162_cropped.jpg,142,Complex,Control,Control,Control,,2,5,9/10/21,92,49,14,2,20,1,0,0,0,0,2,6,0,0,0,6,0,0,0,0,0
Initial_143_cropped.jpeg,143,Complex,Control,Control,Control,,3,1,6/10/21,0,100,0,0,0,0,0,0,0,0,0,0,0,0,0,0,0,0,0,0,0
P6270444_cropped.jpg,143,Complex,Control,Control,Control,,3,2,6/28/21,18,28,15,7,2,1,0,0,0,0,0,2,0,0,0,24,21,0,0,0,0
P9101165_cropped.jpeg,78,Complex,Complex,Open,Clean,34,4,5,9/10/21,92,54,10,0,9,2,19,0,0,0,0,5,0,0,0,1,0,0,0,0,0
P9101167_cropped.jpg,81,Complex,Complex,Open,Clean,34,4,5,9/10/21,92,18,3,20,15,16,6,0,0,0,0,19,0,0,0,3,0,0,0,0,0
P9101168_cropped.jpg,72,Complex,Complex,Cage,Clean,34,4,5,9/10/21,92,7,2,35,7,11,18,0,0,0,0,8,0,0,0,11,1,0,0,0,0
P9101171_cropped.jpeg,95,Complex,Complex,Cage,Clean,34,4,5,9/10/21,92,5,0,36,2,29,1,0,19,0,0,0,0,1,0,3,0,0,4,0,0
P9101172_cropped.jpeg,86,Complex,Complex,Open,Turbinaria,39,4,5,9/10/21,92,8,3,13,1,23,0,0,35,0,0,0,0,0,0,4,9,0,4,0,0
P9101175_cropped.jpg,124,Complex,Complex,Open,Turbinaria,39,4,5,9/10/21,92,10,5,6,11,17,34,0,0,0,0,4,0,0,0,12,1,0,0,0,0
P9101176_cropped.jpeg,106,Complex,Complex,Cage,Turbinaria,39,4,5,9/10/21,92,19,6,21,12,13,3,0,0,0,0,14,0,0,0,12,0,0,0,0,0
P9101179_cropped.jpeg,71,Complex,Complex,Cage,Turbinaria,39,4,5,9/10/21,92,2,4,24,0,3,8,0,0,0,0,0,0,0,0,12,3,38,3,3,0
P9101180_cropped.jpg,9,Simple,Simple,Open,Turbinaria,44,4,5,9/10/21,92,5,0,12,3,7,2,0,0,0,0,1,3,0,0,3,0,64,0,0,0
P9101183_cropped.jpg,17,Simple,Simple,Open,Turbinaria,44,4,5,9/10/21,92,14,2,0,19,0,55,0,0,0,0,9,0,0,0,1,0,0,0,0,0
P9101185_cropped.jpg,15,Simple,Simple,Cage,Turbinaria,44,4,5,9/10/21,92,36,0,0,15,0,21,0,0,0,0,28,0,0,0,0,0,0,0,0,0
P9101186_cropped.jpeg,45,Simple,Simple,Cage,Turbinaria,44,4,5,9/10/21,92,0,1,23,0,7,0,0,0,0,0,0,0,0,0,5,0,28,36,0,0
P9101189_cropped.jpeg,1,Simple,Simple,Open,Clean,50,4,5,9/10/21,92,0,1,61,2,9,10,0,6,0,0,0,0,0,0,9,1,0,1,0,0
P9101191_cropped.jpg,8,Simple,Simple,Open,Clean,50,4,5,9/10/21,92,52,2,0,17,0,26,0,0,0,0,1,0,0,0,2,0,0,0,0,0
P9101192_cropped.jpg,7,Simple,Simple,Cage,Clean,50,4,5,9/10/21,92,57,7,0,10,0,21,0,0,0,0,3,0,0,0,2,0,0,0,0,0
P9101193_cropped.jpg,42,Simple,Simple,Cage,Clean,50,4,5,9/10/21,92,2,0,8,0,1,0,0,0,0,0,0,0,0,0,0,1,88,0,0,0
P9101194_cropped.jpg,98,Complex,Mix,Open,Turbinaria,38,4,5,9/10/21,92,0,0,0,0,0,0,0,0,0,0,0,0,0,0,0,3,96,1,0,0
P9101196_cropped.jpg,62,Simple,Mix,Open,Turbinaria,38,4,5,9/10/21,92,35,3,12,13,18,2,0,0,0,0,11,0,0,0,6,0,0,0,0,0
P9101198_cropped.jpeg,109,Complex,Mix,Cage,Turbinaria,38,4,5,9/10/21,92,45,4,4,3,0,27,0,0,0,0,15,0,0,0,2,0,0,0,0,0
P9101199_cropped.jpg,44,Simple,Mix,Cage,Turbinaria,38,4,5,9/10/21,92,0,0,6,0,11,0,0,0,0,0,0,0,0,0,0,11,72,0,0,0
P7130684_cropped.jpg,143,Complex,Control,Control,Control,,3,3,7/13/21,33,29,12,2,8,29,0,0,0,0,0,0,0,0,0,20,0,0,0,0,0
P8160969_cropped.jpg,143,Complex,Control,Control,Control,,3,4,8/16/21,67,25,10,4,20,14,4,0,0,0,0,4,0,0,0,19,0,0,0,0,0
P9101098_cropped.jpg,143,Complex,Control,Control,Control,,3,5,9/10/21,92,22,16,10,5,18,5,0,0,0,0,4,0,0,0,18,0,0,2,0,0
Initial_144_cropped.jpeg,144,Complex,Control,Control,Control,,3,1,6/10/21,0,100,0,0,0,0,0,0,0,0,0,0,0,0,0,0,0,0,0,0,0
P9101207_cropped.jpeg,49,Simple,Mix,Open,Clean,49,4,5,9/10/21,92,18,10,12,16,15,5,0,0,0,0,6,0,0,0,11,0,0,7,0,0
P9101209_cropped.jpeg,125,Complex,Mix,Open,Clean,49,4,5,9/10/21,92,45,9,0,2,0,38,0,0,0,0,6,0,0,0,0,0,0,0,0,0
P9101210_cropped.jpg,99,Complex,Mix,Cage,Clean,49,4,5,9/10/21,92,25,3,1,16,33,5,0,0,0,0,13,0,0,0,4,0,0,0,0,0
P9101211_cropped.jpg,59,Simple,Mix,Cage,Clean,49,4,5,9/10/21,92,0,1,12,0,32,0,0,0,0,0,0,1,0,0,6,16,30,1,1,0
P9101214_cropped.jpeg,11,Simple,Simple,Open,Turbinaria,36,5,5,9/10/21,92,0,0,18,0,16,0,0,0,0,0,0,0,0,0,2,0,6,58,0,0
P9101218_cropped.jpeg,29,Simple,Simple,Open,Turbinaria,36,5,5,9/10/21,92,17,1,0,8,0,57,0,0,0,0,9,0,8,0,0,0,0,0,0,0
P9101219_cropped.jpeg,43,Simple,Simple,Cage,Turbinaria,36,5,5,9/10/21,92,39,2,0,13,0,14,0,0,0,0,30,0,1,0,1,0,0,0,0,0
P9101224_cropped.jpg,47,Simple,Simple,Cage,Turbinaria,36,5,5,9/10/21,92,2,1,24,3,43,1,0,4,0,0,2,0,0,0,8,8,2,2,0,0
P9101229_cropped.jpg,31,Simple,Simple,Open,Clean,31,5,5,9/10/21,92,11,0,15,2,17,0,0,0,0,0,0,0,0,0,9,8,1,37,0,0
P9101231_cropped.jpg,39,Simple,Simple,Open,Clean,31,5,5,9/10/21,92,37,3,0,4,0,39,0,0,0,0,17,0,0,0,0,0,0,0,0,0
P9101234_cropped.jpg,4,Simple,Simple,Cage,Clean,31,5,5,9/10/21,92,0,0,32,0,21,0,0,26,0,0,0,0,0,0,5,10,0,6,0,0
P9101236_cropped.jpg,16,Simple,Simple,Cage,Clean,31,5,5,9/10/21,92,1,6,17,0,1,0,0,0,54,0,0,0,0,0,1,3,16,1,0,0
P9101238_cropped.jpeg,110,Complex,Mix,Open,Turbinaria,41,5,5,9/10/21,92,24,4,24,10,6,11,0,0,0,0,16,0,0,0,5,0,0,0,0,0
P9101239_cropped.jpg,64,Simple,Mix,Open,Turbinaria,41,5,5,9/10/21,92,27,1,5,9,2,40,0,0,0,0,16,0,0,0,0,0,0,0,0,0
P9101241_cropped.jpg,93,Complex,Mix,Cage,Turbinaria,41,5,5,9/10/21,92,0,0,8,1,7,1,0,0,4,0,1,0,0,0,0,0,77,0,1,0
P9101243_cropped.jpg,12,Simple,Mix,Cage,Turbinaria,41,5,5,9/10/21,92,6,1,54,0,8,0,0,1,0,0,0,0,0,0,10,1,1,18,0,0
P9101245_cropped.jpeg,66,Complex,Mix,Open,Clean,37,5,5,9/10/21,92,31,1,27,13,1,9,0,0,0,0,6,0,0,0,11,0,0,1,0,0
P9101246_cropped.jpeg,56,Simple,Mix,Cage,Clean,37,5,5,9/10/21,92,43,2,0,4,0,42,0,0,0,0,9,0,0,0,0,0,0,0,0,0
P9101247_cropped.jpeg,69,Complex,Mix,Cage,Clean,37,5,5,9/10/21,92,2,0,39,0,6,8,0,3,0,0,0,0,1,0,1,38,1,1,0,0
P9101248_cropped.jpeg,37,Simple,Mix,Open,Clean,37,5,5,9/10/21,92,2,0,27,0,57,0,0,2,0,0,0,0,0,0,2,7,0,3,0,0
P9101252_cropped.jpg,83,Complex,Complex,Open,Clean,32,5,5,9/10/21,92,11,2,14,17,26,13,0,0,0,0,14,0,0,0,2,0,0,1,0,0
P9101254_cropped.jpg,97,Complex,Complex,Cage,Clean,32,5,5,9/10/21,92,21,2,13,13,15,18,0,0,0,0,15,0,1,0,1,0,0,1,0,0
P9101255_cropped.jpg,96,Complex,Complex,Open,Clean,32,5,5,9/10/21,92,2,0,45,2,37,0,0,3,0,0,0,0,0,0,5,5,0,1,0,0
P9101257_cropped.jpg,104,Complex,Complex,Cage,Clean,32,5,5,9/10/21,92,2,0,61,0,29,0,0,0,0,0,0,0,0,0,2,2,0,4,0,0
P9101261_cropped.jpg,87,Complex,Complex,Open,Turbinaria,42,5,5,9/10/21,92,20,2,1,12,42,6,0,0,0,1,10,0,0,0,5,0,0,0,1,0
P9101262_cropped.jpeg,79,Complex,Complex,Open,Turbinaria,42,5,5,9/10/21,92,39,4,1,14,32,0,0,0,0,0,0,0,0,0,10,0,0,0,0,0
P9101266_cropped.jpeg,128,Complex,Complex,Cage,Turbinaria,42,5,5,9/10/21,92,1,0,38,0,29,0,0,21,0,0,0,0,0,0,3,7,0,0,1,0
P9101270_cropped.jpg,103,Complex,Complex,Cage,Turbinaria,42,5,5,9/10/21,92,1,0,48,0,13,0,0,0,0,0,0,0,0,0,3,35,0,0,0,0
P6270446_cropped.jpg,144,Complex,Control,Control,Control,,3,2,6/28/21,18,23,8,27,0,0,0,0,0,0,0,0,0,0,0,29,13,0,0,0,0
P7130686_cropped.jpg,144,Complex,Control,Control,Control,,3,3,7/13/21,33,19,13,6,9,8,4,0,0,0,0,2,0,0,0,37,2,0,0,0,0
P8160965_cropped.jpeg,144,Complex,Control,Control,Control,,3,4,8/16/21,67,22,7,20,29,4,4,0,0,0,0,1,0,0,0,11,2,0,0,0,0
P9101096_cropped.jpeg,144,Complex,Control,Control,Control,,3,5,9/10/21,92,26,11,13,12,25,3,0,0,0,0,2,0,0,0,5,2,0,1,0,0